'anon,flower,null,fpe
'anonen,flowers,null,anadrel
'bgualyiz,correct,null,viconiadjevik
'bgualyizles,correction,null,viconiadjevik
'che,loved,null,fpe
'chev,beloved,null,fpe
'ranndi,wife,null,XRafael_Dneir
'sohna,again,null,Lolath_Cryso
'udtila,does,null,dara_eve
'zil,as,null,
anulo,sky,null,hob
eldalie,elven,null,HikariKyouki
ul'saruk,warlord,null,nemesis
zze'ill,werewolf,null,ldk2000puppy
a'leai,rare,null,juniper_fire
a'leaiil,rarity,null,juniper_fire
a'ni,general,null,Thanos_Nihil
a'nshal'a,ambassador,null,cyawolf
a'quarth,commission,null,
a'quarthus,commissioned,null,
a'zil,consorts,null,fpe
a,at,null,
a,by,null,
aadk,shout,null,fpe
aadkat,shouting,null,fpe
abban,ally,null,
abbanel,affiliation,null,jvanzanen
abbanen,allies,null,jvanzanen
abbanid,alliance,null,jvanzanen
abbaniden,alliances,null,Julienne_Noquar
abbil'olplynir,borrow,null,blade_x22
abbil,comrad,null,S.Gal
abbil,comrade,null,
abbil,friend,null,
abbil,trusted friend,null,S.Gal
abbilen,friends,null,fpe
abil,trusted friend,null,drizzt
abyl,testicle,null,fpe
acraba,mastery,null,p.aalmans
acti'von,participate,null,gbrain35
aeros,air,null,jvanzanen
afya,health,null,anakin_noquar
aglust,part,null,triel_odran
ahaluthh,glorious,null,fpe
air'oth,air,element,
ajak,remember,null,adrienne
ak'uech,forge,null,fpe
akai'zhar,forsaken,null,Aneluki
akana,ruling,null,fpe
akezhar,nemisis,null,fpe
akh,band,null,S.Gal
akh,group,null,
al'doer,welcome,null,fpe
al'sanbone,alertness,null,some1
al'vur,cow,null,thelvn
al,well,null,
alantha,midnight,null,anadrel
aliss,invite,null,tina_w_ilharess
alissem,invitation,null,tina_w_ilharess
alkar,forfeit,null,dsharp
alot dos,walking corpse,null,gollum
alti'ui,wing,null,vmalekithv
alu,go,null,
aluin,going,null,
alur,better,null,darrant_rod
alur,superior,null,
alurl,best,null,
alus,gone,null,
alus,went,null,
alust,facing,null,
alust,front,null,Rogue_Blackstar
alust,infront,null,
aluve',i leave you,null,Rogue_Blackstar
aluve',farewell,null,Rogue_Blackstar
aluve',farewell,null,Rogue_Blackstar
aluve,farewell,null,Rogue_Blackstar
amankil,clergy,null,kaskus
an'ar,dancer,null,fpe
an'kin,teacher,null,greengumby15
an'yui,answer,null,landonpad1
an'yuil,answers,null,galenf
andon,clock,null,zzaknifien
angzuess,harrower,null,fpe
angzuessai,harrowers,null,fpe
ann'ish,appear,null,fpe
anth,ring,null,shadrack-elfe-noire
anulon,skies,null,Julienne_Noquar
anzzar,sigil,null,fpe
anzzarrim,sigils,null,fpe
ap'za,fate,null,CrystalineFyre
ap'zen,luck,null,CrystalineFyre
areion,through,null,reiforce18
arisa,stalker,null,SailorJupitor64
arlathil,nature,null,evilgod
arlyurl,breast,null,zero_abyss
arlyurlen,breasts,null,zero_abyss
arshes,thunder,null,blacwolfe
asanque,as you wish,null,
asanque,likewise,null,fpe
asanquel,as you wish,null,fpe
aske'th,asked,null,hoxu84
aslu,got,null,fpe
asse,eagle,null,fpe
aster,truth,null,SarenTA
astu,undone,null,fpe
astunin,undoing,null,fpe
astux,undo,null,fpe
atat,rib,null,fpe
atatal,ribs,null,fpe
aterruce,creature,null,LexiLordison
athiyk,spirit,null,fpe
atsar,catch,null,Julienne_Noquar
atsarin,catching,null,Julienne_Noquar
atse,catches,null,Julienne_Noquar
atsus,caught,null,Julienne_Noquar
au,near,null,fpe
auflaque,dog,null,Tameria_Melohwar
auflaque,jackle,null,Tameria_Melohwar
auflaqui,dogs,null,fpe
autna,granddaughter,null,kishmesia
avariel,eternity,null,TheUndead
avelxune,spied,null,fpe
avuna,fury,null,dragon_flami
awni,soup,null,lord_of_karrots
awylir,unwary,null,nwilson3
axsa,damnable,null,fpe
azbahar'uss,supremacy,null,fpe
b'ahlach,beholder,null,XxDrexlxX
b'luth'ol,arrow,null,
b'luthel,bolt,null,xaeon
b'luthyrr,bow,null,
b'na shuir,diluito,null,syldor
b'varess,recall,null,chaosdrow
b'vecko,strange,null,deavek
ba'uren,ankles,null,fpe
bahk'tess,dominate,null,fpe
bahk,dominant,null,fpe
bakha,manuer,null,Glacieral Fears
barra,shadow,null,
bashuk,honour,null,duke_rathias_of_angelica
baur,ankle,null,fpe
baut'wael,student,null,OlidDrow
bauth,about,null,
bauth,around,null,
bautha,dodge,null,
bautha,to dodge,null,
bein,busy,null,fpe
bekea,wise,null,fpe
bel'la'n,honoring,null,Julienne_Noquar
bel'la,honor,null,
bel'la,thank,null,
bel'la,to honor,null,
bel'la,to thank,null,
bel'laon,praising,null,Julienne_Noquar
bel'laton,thanking,null,Julienne_Noquar
belaern,profit,null,
belaern,wealth,null,
belasco,satan,null,BBT1
belbau,give,null,
belbau,to give,null,
belbaue,gives,null,Niikkt_Arvanon
belbaun,giving,null,pro12543
belbaunin,given,null,Julienne_Noquar
belbaus,gave,null,Julienne_Noquar
belbol,gift,null,
beldraein,building,null,c_y_a_wolf
beldro,create,null,
beldro,to create,null,
belgareth,maze,null,DragonWitch4
belggir,braggart,null,aoikaity
bihurr,explain,null,cyane_
bindo,bindo,null,
bista,short,null,Gerbig
biu,an,null,dryzen
blada,council,null,fpe
blyn,seven,null,
blynar,seventh,null,
blynol,several,null,
bneir'pak,shoot,null,syldor
bol,item,null,
boron,advantage,null,jvanzanen
br'ornen,bask,null,jedi_pikachu25
bran,loud,null,fpe
brane',annoying,null,fpe
bri,covered,null,fpe
briz'esii,distinguish,null,joxter
bronretla,wonderful,null,thayne
brorn,surprise,null,
brorn,wonder,null,merick360
brorna,suprises,null,
brou'ka,pitiful,null,fpe
brou,pity,null,fpe
brouen,pities,null,fpe
bry,heel,null,fpe
brygn,heels,null,fpe
bryklyth,tangled,null,fpe
buat'leb,sphere,null,fpe
buki,bloody,null,kethen
bura'u,obtain,null,Julienne_Noquar
bura'ue,obtains,null,Julienne_Noquar
bura,obtained,null,fpe
bwael,good,null,
byr,other,null,
byrren,others,null,Julienne_Noquar
c'nros,witch,null,Drowlover
c'rintri,noble drow,null,
c'rintrin,nobles,null,
c'thlan,cope,null,Themoonschyld
cahallin,food,null,
cahlev'dar,ophidian,null,viaxus
cahlind,snake,null,viaxus
cal'tuu,eaten,null,fpe
cal,eat,null,
calestio,pleasing,null,assassindemon
calice,cower,null,akanLsdrow
caluss,eater,null,fpe
calussai,eaters,null,fpe
canakkzak,mentality,null,mwarnet
cas,gets,null,Syntax_Acid
ceagrass,ale,null,deavek
cel'droth,brew,null,talons_fury
cha'kohk,curse,null,folidraltere
cha'kohkev,cursed,null,genetif
cha'ol,incense,null,
chaer'el,armorer,null,Immes1
chaon,business,null,fpe
char'riss,message,null,chaosdrow
charnag,deep,null,fpe
charnaggen,depths,null,Julienne_Noquar
chath-palar,pyre,null,Julienne_Noquar
chath,fire,null,
chath,flame,null,
che'el,city,null,
chi',betray,null,adrienne
chi'dilok,fallen paladin,null,fpe
chi'qazz,effulgent,null,arabwel
chi'us,betrayed,null,gothicprophet
chiana,betrayal,null,irishdragondream
chillala,underwear,null,despaxas
chitt,stench,null,fpe
chkazzk,clashing,null,arabwel
chu,comes,null,kethen
cie attle,intimidate,null,
cielra,mysterious,null,duke_raithias_of_angelica
ciiholtryui,godess,null,fpe
clau,dick,null,animal25_17
clete,dancer of,null,
clor,rite,null,fpe
clorrh,rites,null,fpe
cluta,knuckle,null,fpe
clutan,knuckles,null,fpe
co'ce,cook,null,drowboy
co'nbluth,non-drow,null,stephen
colbauth,known way,null,
colnbluth,outsider,null,
comson,crimson,null,Great Soulz
conamori,comfort,null,reiforce18
contri,access,null,jvanzanen
contrir,accessed,null,jvanzanen
corl,bicep,null,fpe
corlae,biceps,null,fpe
cot'rhea,commence,null,dryzen
crastia,apple,null,ahramits
craz,brat,null,arabwel
cress,web,null,fpe
cressen,webs,null,fpe
cretok,orc,null,Hyrule
cri'n,crying,null,Tigger
crup,blame,null,fpe
crupen,blames,null,fpe
crupowl,blamed,null,fpe
cruprou,blaming,null,fpe
cryso,rose,null,psyco7976
crysos,roses,null,zweasel0
cth'ral,calico,null,drow12apist
cu'thezth,compared,null,bridghid_clan_tremere
cuass'ili,room,null,RobertHowell
d',of,null,
d'anthe,dear,null,Sebrylla
d'aron,knight,null,gideonnightblade
d'feza,ode,null,arabwel
d'issan,dawn,null,fpe
d'jal,all of you,null,Mangacyberpunk
d'lil,of the,null,fpe
d'nilok,paladin,null,fpe
d'ril,although,null,
da'ramy,daydream,null,Drizztwolf
da're,arm,null,
da'rex,arms,null,fpe
da'ur,leg,null,
da'uren,legs,null,tarlynphin
da'urzotreth,kick,null,blade_x22
dacrenah'crenah,kamehameha,null,jedi_pikachu25
daewl,wish,null,daernae
daewle,wishes,null,Julienne_Noquar
daewlin,wishing,null,Julienne_Noquar
daggar,keeshe,null,ahramits
dajakk,fix,null,blackelf54321
dajjin'sl,cunt,null,
dal,from,null,
dalda',from,null,
dalhar,child,null,
dalharen,children,null,
dalharil,daughter,null,
dalharil,daughter,null,
dalharuk,son,null,
dalharuk,son,null,
dalninil,sister,null,
dalninin,sisters,null,caradine76
dalninuk,brother,null,
dalzhind,history,null,Apparatchika
darthien,elves,null,
darthiir,fairies,null,cwhite
darthiir,surface elf,null,
darthiir,surface elves,null,jvanzanen
darthiir,traitors,null,cwhite
darthirii,elf,null,draco793147926
daur,leg,null,fpe
daxunyrr,savior,null,
dazzan,race,null,anadrel
de',of,null,
deg'rabah,trespass,null,fpe
degahr,trouble,null,Ilythiiri_Jallil
deis,dreams,null,shadowfay
deisenin,dreaming,null,legna_soahc
dek'za,legion,null,fpe
del,of,null,
della,told,null,Gerbig
delmah,home,null,Marc
delomaeth,obsession,null,har_ganeth
derfi awni,chicken soup,null,lord_of_karrots
derfi,chicken,null,lord_of_karrots
dero'lyle,possession,null,har_ganeth
derothel,implements,null,fpe
deshmal,bye,null,deavek
desu,often,null,fpe
detholar,choose,null,Julienne_Noquar
detholare,chooses,null,Julienne_Noquar
detholin,choosing,null,Julienne_Noquar
detholus,chose,null,Julienne_Noquar
detholusin,chosen,null,Julienne_Noquar
dhrakta,rapier,null,LtColonelFalcon
dhyn,mortal,null,daernae
dhynen,mortals,null,nemesis
dispur,abjure,null,jvanzanen
ditronw'urn,rightful,null,Julienne_Noquar
ditronw,right,null,Alien_montti
do'bauth,to escape,null,
do'bauthin,escaping,null,
do'suul,outside,null,
dobluth,outcast,null,cwhite
dobluthan,outcasts,null,fpe
dobor,door,null,deavek
doboren,doors,null,Julienne_Noquar
doeb,out,null,
doer,come,null,
doera,become,null,elven_heart
doerrus,came,null,Julienne_Noquar
dofith,flee,null,wyverin
dofithin,fleeing,null,Julienne_Noquar
dol'ruth,passing,null,doggone
dormagyn,save,null,dragon_flami
dorn,i'll,null,khidd_the_eternal
dorthan,aids,null,jvanzanen
dortho,aid,null,jvanzanen
dos,you,null,
dos'misun,misjudge,null,
dosib,fucking,null,lord_of_karrots
dosman,gentle,null,fpe
dosst,your,null,
dossta,yours,null,
dosstan,yourself,null,
dothka,drider,null,xxdrexlxx
dothkarn,driders,null,fpe
draa,two,null,
draakarliik,ettin,null,viaxus
drada,second,null,
draeval p'los,past,null,gonerz
draeval,time,null,
draevalen,times,null,deventaraen
dragazhar,underdark bat,null,nemesis
draix,center,null,fpe
drasv,year,null,Julienne_Noquar
drasven,years,null,Julienne_Noquar
draszith,twenty,null,
draszithar,twentieth,null,
drathir,moon,null,fpe
dregzt,drag,null,delthesbavi
drejan,frost,null,fpe
drelber ulm,umber hulk,null,titzlin
drewst,remove,null,
drider,half-spider,null,
drider,half-drow,null,
drin,reasons,null,reiforce18
drital,drink,null,fpe
dritalk,drinks,null,Syntax_acid
drizlah,tall,null,Tameria_Melohwar
drizlahrit,taller,null,Tameria_Melohwar
dro'us,lived,null,Julienne_Noquar
dro'xun,survive,null,
dro'xundus,survival,null,
dro'xunen,survives,null,fpe
dro'xunou,surviving,null,fpe
dro'xunus,survived,null,fpe
dro,alive,null,
dro,life,null,
dro,live,null,Rogue_Blackstar
drokk,fist,null,gideonnightblade
drolnar,assasin,null,anthrax
drostan,metal,null,fpe
dryss'ho,gather,null,dryzen
du'ased,blessed,null,SpyderWebZ18
du'nherz,casually,null,burnt_16
duanda,mistake,null,kethen
dubo,hard,null,fpe
duergan,dwarves,null,
duergar,deep dwarf,null,
duk'tak,executioner,null,stephen
dumo,bless,null,selkiemaid
dumoas,blessing,null,deavek
duranfeh,conviction,null,Julienne_Noquar
duranfehen,convictions,null,Julienne_Noquar
dus'kin,devious,null,tjlongshore
dusqup,doomed,null,Fizziewillie
duucald,combat,null,TheUndead
duul'sso,free,null,Lolath_Cryso
dwalc,lonely,null,anthrax
dyne,perfection,null,andsoicry
dyunhk,likes,null,cs636
e'spdon,archmage,null,Thanos_nihil
e'trit,filth,null,eanbrowley
e'ussus,stoke,null,fpe
eairthil,grounds,null,fpe
eairthin,ground,null,Diablomanx666x
echk,hi,null,fpe
edonil,twilight,null,tarragon
eemsorr,awesome,null,M_Kindre
eeoctsl,coolest,null,M_Kindre
ehmtau,owns,null,fpe
ehmtrud,owned,null,fpe
ehmtu,own,null,Ah_Neteri
ehmtu,posses,null,Ah_Neteri
ehmtua,owner,null,fpe
eit'jae,implore,null,anakin_noquar
el'inssrigg,inn,null,
el'inssring,tavern,null,
el'lar,non-noble house,null,
el,die,null,
elakar,thy,null,dsharp
elam'aph,devoted,null,VenoDSheba
elamshin,destiny,null,
elamshin,the will of lloth,null,
elamshinae,favor,null,
elamshinae,grace,null,
elar,dies,null,Niikkt_Arvanon
eld'chalok,poisonous,null,arabwel
ele,why,null,fpe
elemmiire,star,null,thalia darkchyld
elend,traditional,null,
elend,usual,null,
elendar,continue,null,
elendar,endure,null,
elendarin,continuing,null,Julienne_Noquar
elg'belbau,cruse,null,viconiadjevik
elg'cahal,to poison,null,
elg'cahl,poison,null,
elg'car,complain,null,
elg'car,whine,null,
elg'caress,bitch,null,
elg'caress,hag,null,
elg'carin,complaining,null,shwaine
elg'carin,whining,null,shwaine
elg'hasek,ranger,null,warblade00
elge,destruction,null,arabwel
elgg,destroy,null,
elgg,kill,null,
elgg,slay,null,
elggat,destroyed,null,spider.keiikui
elggen,killed,null,anadrel
elggin,killing,null,fpe
elggor,dying,null,
elggur,killer,null,azuremystique
elghinyrr'fearn,lich,null,pika_a_chu2000
elghinyrr,dead,null,
elghinyrrok,deadly,null,arabwel
elghkhel,skeleton,null,Julienne_Noquar
elghkhellen,skeletons,null,Julienne_Noquar
elghliik,skull,null,Julienne_Noquar
elghliiken,skulls,null,Julienne_Noquar
elgluth,scourge,null,
elgluth,whip,null,
elrie,crush,null,elven_heart
els'qatyu,arbiter,null,mitthik_thra_nondo
els'qatyu,arbitrator,null,mitthik_thra_nondo
eluith'orth,faith,null,dilnyrae_auvryndar
emp'poss,job,null,evilgod
emplaniilid,fulfilled,null,uncletas
emptrem,jasmine,null,m_egger
endar,different,null,
enrot,enslave,null,fpe
enrothe,enslaved,null,Dreeder123
entarer,ornament,null,jovi_h
equidai,skill,null,dryzen
er'griff,only,null,Lolath_Cryso
erg'les,question,null,delthesbavi
erkd'fe,study,null,cyane_
erl'elee,embrace,null,elven_heart
eroln,orcs,null,viaxus
errdegahr,demon,null,finus_myra
errgan,mostly,null,kylianthalasa
erth'netora,summer,null,deave
erthe,winter,null,selkiemaid
esaph,alike,null,
eszak,worry,null,cyane_
et'zarreth,arse,null,lowender
euol,gem,null,
evagna,forgive,null,SailorJupitor64
evven'to,rape,null,evilgod
ezsakil,worried,null,fpe
ezual,saying,null,innocentkiiier
f'sarn,i'm,null,SiliconMaje
fa'la zatoast,bastard,null,KenMyers56
faer'atca,magical attack,null,
faer,magic,null,
faerbol,magic item,null,
faerl,magical,null,
faern,wizard,null,
faernen,wizards,null,zweasel0
faerz'ol,spellbook,null,
faerz'ress,magical strength,null,anadrel
faerz'un'arr,seeress,null,
faerz'undus,magic spell,null,
fahliell,warlock,null,
falann,spring,null,pallidembrace
falanni,stream,null,pallidembrace
falduna,praise,null,fpe
faldunan,praises,null,Julienne_Noquar
falma,wave,null,thalia darkchyld
falmar,waves,null,thalia darkchyld
farjali,precious,null,Enigmatic_Mist
fashka,force,null,mwarnet
fay'laph,savor,null,dyzen
feher,puppy,null,fpe
feheri,puppies,null,fpe
feir,far,null,dryzen
feithin,waiting,null,Julienne_Noquar
felah,further,null,fpe
fergin,pussy,null,lord_of_karrots
feryxonis,underground,null,www.Dragon_Flami
fetear,blazing fire,null,assassins_blade
fielthal,contribution,null,
fin'rai,harvestor,null,robimsom
fjolla'danne,incompetence,null,webmaster
flamgra'in,burning,null,Julienne_Noquar
flamgra,burn,null,fpe
flasmix,energy,null,dragon_flami
flatu'lar,fart,null,mrman12
fle'nruid,limit,null,dara_eve
floh'l,follower,null,bad_seed
flohlu,follow,null,empressalexandra
fol,some,null,
folbol,something,null,
foldraeval,sometime,null,LrdArystar
foldraevals,sometimes,null,LrdArystar
folggash,friendship,null,mwarnet
folkhel,somebody,null,
folt,such,null,
foluss,someone,null,
fotus,forth,null,fpe
fre'sla,stand,null,witchlocke
fridish,salute,null,fpe
fridj,just,null,Alien_montti
frin'kla,overload,null,X_File_ca
fris,sent,null,Syntax_acid
frustration,rebanouim,null,fpe
fuer'yon,beast,null,fpe
fuma,family,null,deavek
g'jahall,defeat,null,fpe
g'rftte,thanks,null,fpe
g'waeklyth,entangled,null,fpe
g'yutri,outsmart,null,fpe
gaalsh'li,secular,null,esgalduin
gaer,there,null,
gajak,later,null,cyane_
gajen,late,null,deadlyraven
galla,trying,null,desertelfendi
gar'ven,pleasant,null,fpe
gareth,strong,null,xvxadidasxvx
garr,gargoyle,null,TheUndead
genialaa,lifts,null,fpe
ghefna,quickest,null,mdnghtwarrior
ghil,here,null,
gi'shal,squish,null,angelwolf
gi,oh,null,lord_of_karrots
gil'ssrigghinn,anyway,null,evilgod
glenn,soldier,null,glennsilverling
glin'seir,hooking,null,fpe
glin,hook,null,fpe
glinoth,hooked,null,fpe
gluesa,cheese,null,ElvenGM
go'h,pig,null,fpe
go'hi,pigs,null,crystalcgresham
gol'ssinss,goblin lover,null,azuremystique
gol,goblin,null,fontani.marco
golhyrr,ruse,null,
golhyrr,trap,null,
golhyrr,trick,null,
goln,goblins,null,cwhite
gordo,whole,null,reiforce18
goros,till,null,fpe
gos,goes,null,reiforce18
gotfrer,forget,null,Forget
gow,oder,null,fpe
gow,smell,null,fpe
gragg'reth,violation,null,fpe
gragg,violate,null,fpe
gre'as'anto,peace,null,graetarob
grentza,oral,null,mikew29
groova,trip,null,bngfrank
growg,pincer,null,fpe
growgeg,pincers,null,fpe
grt,wit,null,Lady_Kalbrin
gu'e,hey,null,fpe
gukluth,seemed,null,fpe
gul,ghost,null,cptbeefhart
gultah,offer,null,Lace_Ethereal
gumash,could,null,deavek
gurrouh,yuck,null,AngelWolf
guta,hug,null,gtrem
guu'lac,doubt,null,Chath_Cryso
guuan,wake,null,cyane_
guy'ya,bear,null,deavek
gyolaen,oppose,null,fpe
gyot,pose,null,fpe
h'ralenk,poke,null,jsadams
h'ros,can't,null,jsadams
h'sievss,prophecies,null,adrienne
h'sievssrig,prophecy,null,adrienne
h'sievssruk,prophecied,null,adrienne
h'uena,once,null,fpe
ha'ishe,sucks,null,hoxu84
ha'uren,thighs,null,fpe
hacral,hobbit,null,Hyrule
halisstrad,mystery,null,joymylove
halrathn,saber,null,balsib
halt,thick,null,Syntax_Acid
har'dro,earth,null,
har'luth,conquer,null,
har'ol,cave,null,
har'ol,cavern,null,
har'olen,caverns,null,AgesOfDespair
har'oloth,the underdark,null,
har'oloth,underdark,null,f_marco80
har,ear,null,VenoDSheba
haranth,earring,null,fpe
hargluk,dwarf,null,
harglukkin,dwarves,null,
harl'il'cik,kneel,null,
harl,below,null,
harl,down,null,
harl,under,null,
harlil,bottom,null,elven_heart
harlor,stony,null,fpe
haruk,doom,null,fpe
harventh,cut,null,
harventh,sever,null,
harventhe,severs,null,Niikkt_Arvanon
harventhel,cutting,null,fpe
harventhus,severed,null,Niikkt_Arvanon
has'tras,monkey,null,fpe
haska,talking,null,spookypumkinpie
hass'l,mean,null,fpe
hasstn,angry,null,adorachevalier
haszak,illithid,null,cwhite
haszak,illithid,null,cwhite
haszakkin,illithids,null,
haur,thigh,null,fpe
hawressae,insolence,null,fpe
hawrest,insolent,null,fpe
heen,course,null,fpe
heeth,shape,null,WhiteWolf_Tigeress
heethir'ku,shapeshifter,null,WhiteWolf_Tigeress
hekbal,riptide,null,karlgibbens
henotep,almost,null,jvanzanen
her'op,lollipop,null,janpor
her'tan,guild,null,john_davis2001
heru'nga,support,null,fpe
hes'thar,laughs,null,watever
hiever,prophet,null,genetif
hiran,giant,null,fpe
ho'tuc,happening,null,Feiwongxgs
hojh,fail,null,
hojj,fails,null,fpe
hojjau,failed,null,
hojjl,failing,null,
hong'anto,tranquility,null,anakin_noquar
honglath,bravery,null,
honglath,calm,null,
houj,failure,null,
huela,five,null,
huelar,fifth,null,
hueszith,fifty,null,
hueszithar,fiftieth,null,
huk'treemal,fearfully,null,
huk'treemma,fearful,null,fpe
hull'phir,prefer,null,esgalduin
huthin,next,null,HiFaluton
hwesta,breeze,null,Julienne_Noquar
hwuen,until,null,
hyrr,item,null,
i'dol,way,null,azazel357
i'dollen,ways,null,Julienne_Noquar
i'nik,sand,null,fpe
i'sav,foundation,null,anakin_noquar
i'ssuri,mom,null,fpe
ib'ahalii,glory,null,BRINDI98
ib'leua,humble,null,VenoDSheba
ibhurral,explained,null,fpe
ibihurr,explains,null,fpe
iblith,excrement,null,
ichl,too,null,genetif
iglata,promise,null,fpe
iglatan,promises,null,Julienne_Noquar
iishry'dur,torcy,null,esgalduin
iiyola,treasure,null,cottoniiv
ikal'daka,wolves,null,fpe
ikkask,telling,null,gumby_16
il'kahtical,imbecile,null,duke_raithias_of_angelica
il'neathe,freaks,null,fpe
il'tess,awaits,null,fpe
il'yandrosa,treachery,null,peowens
il'yivera,attractive,null,darkdeliverance
il,she,null,
ilhar,mother,null,
ilhar,to mother,null,
ilharess,matron,null,
ilharessn,matrons,null,cwhite
ilharn,father,null,fpe
ilharn,patron,null,
ilhars,mothers,null,adrienne
ilhyrr'g,explanations,null,fpe
ilhyrr,explanation,null,fpe
ilindith,aim,null,
ilindith,goal,null,
ilinsar,amulet,null,
ilinsar,medalion,null,xcable666x
ilinsar,medalyn,null,
ilinsar,pendent,null,
ilkalik,halt,null,eablount
illing,bone,null,fpe
illistic,fragile,null,daconius
illithid,mind flayer,null,lordvoclam
illithor,eternal servant,null,fpe
illyiff,beam,null,galenf
ilniatu,club,null,ShadowangelX2000
ilninuk,uncle,null,cmarschall
ilquanthafer,fulfillment,null,yesman
ilro'e,exactly,null,fpe
ilstar,rule,null,curnack_the_drow
ilt,hers,null,
ilta,her,null,
iltan,herself,null,
ilthy'eo,equal,null,fpe
ilythiiri,drow,null,drow
ilythiirra,drowish,null,M_Kindre
in'loil,piece,null,fpe
in'loilfrey,shard,null,fpe
in'tuil,amount,null,damondrow
inalarn,impatient,null,blackelf54321
inbal,have,null,
inbalus,had,null,
inbau,get,null,
indar,similar,null,
indarae,opposite,null,
inhirt,afore,null,jvanzanen
inlul'cal,olive,null,adrienne
inlul'quar,imp,null,viaxus
inlul,small,null,
insaha,poking,null,gumby_16
inth,plan,null,
inth,scheme,null,
inth,stratagem,null,
inthel'og,rebellious,null,VenoDSheba
inthen,schemes,null,Julienne_Noquar
inthigg,agreement,null,
inthuul,cold,null,fpe
intooth,dragoon,null,www.ooji
inzormit,generation,null,fpe
iqualment,simultaneous,null,draco793147926
irr'jahk,reality,null,chaosdrow
ishrass'ur,tolerant,null,shadrack-elfe-noire
isilme,moonlight,null,Julienne_Noquar
isintol,interest,null,psyco7976
issluilling,collarbones,null,fpe
ist'a,vain,null,fpe
isto,night,null,mlgodin
istolla,nightfall,null,elven_heart
it'x,items,null,fpe
ivress,fingers,null,fpe
iz',as,null,
izil,able,null,jvanzanen
izil,as,null,
izilt,appreciate,null,jvanzanen
izilted,appreciated,null,jvanzanen
izin,allow,null,jvanzanen
izwin,known,null,lrdazure
izznarg,large,null,
j'nesst,woman,null,curnack_the_drow
ja'hai'n,accepting,null,Julienne_Noquar
ja'haie,accepts,null,Julienne_Noquar
ja'hai-na,accepted,null,
ja'hai,accept,null,
jabar,treacherous,null,mhuss
jabbress,mistress,null,
jabbuk,master,null,
jabplynn,error,null,viconiadjevik
jaed,ignorant,null,fpe
jak'li,elite,null,
jakluth,seeming,null,fpe
jal'klar,anywhere,null,fpe
jal'yur,already,null,HiFaluton
jal,all,null,
jala,any,null,
jalbol,anything,null,
jalbyr,another,null,
jalil'vedir,mounted fighter,null,Barracuta9
jalil,female,null,
jalilen,females,null,evilgod
jalkhel,anybody,null,
jallasat,tolerate,null,c_y_a_wolf
jallil,lady,null,fpe
jaluk,male,null,
jalukul,males,null,fpe
jaluss,anyone,null,
jas,top,null,Syntax_acid
jatha'la,big,null,fpe
jejik,maw,null,fpe
jess,fang,null,Syntax_acid
jesshc,fangs,null,Syntax_acid
jhal,but,null,
jhinrae,wine,null,
jhun,rune,null,fpe
jhunai,runes,null,fpe
ji,so,null,
jiala'in,laughing,null,Julienne_Noquar
jiala,laugh,null,xaeon
jihard,stick,null,KanjiofShi
jiku,rend,null,fpe
jil,jade,null,fpe
jilorbb,jade spider,null,AgesOfDespair
jimkal,loser,null,bbt1
jindurn,face,null,
jinique,property,null,sardisblaze
jiniquiln,properties,null,fpe
jiole,cool,null,fpe
jiv'elgan,torturer,null,Zero2Ninety
jiv'elgg,tortue,null,fpe
jiv'elgg,torture,null,
jiv'undus,pain,null,
jivvenn,plays,null,fpe
jivviim,harm,null,Tameria_Melohwar
jivviim,hurt,null,Tameria_Melohwar
jivviimil,hurted,null,fpe
jivvin,amusing,null,jvanzanen
jivvin,fun,null,
jivvin,play,null,
jivvuln,played,null,fpe
jivvust,playing,null,fpe
jlha'zen,gnome,null,Aneluki
jor,rat,null,fpe
jora,rats,null,fpe
joros,ask,null,fpe
jorosin,asking,null,Julienne_Noquar
jous,show,null,sardisblaze
jresh,scatter,null,fpe
juba,total,null,deavek
jugare,ok,null,deavek
jusith,flask,null,RobertHowell
jusron,wrath,null,neo_dietrich
jusst,questionable fact,null,arabwel
jyzumar,space,null,dragon_flami
k'lar,location,null,
k'lar,place,null,
k'rena,korina,null,kor_07
ka'lith,mercy,null,fpe
ka,if,null,
kaas,name,null,tas
kaaseel,names,null,fpe
kahzet,accord,null,fpe
kal'daka,wolf,null,cast_raven
kaliath',merciful,null,joxter
kalyar,illuminate,null,Julienne_Noquar
kalye,illuminates,null,Julienne_Noquar
kalyin,illuminating,null,Julienne_Noquar
kalyza,illumination,null,Julienne_Noquar
kampi'un,understand,null,Pyronic_Fiend
kampi'unus,understood,null,Julienne_Noquar
kanarvan,longsword,null,Bilbo123
kaoveh,cousin,null,gtrem
karilth,purity,null,LadyLEadCrow
karliik,head,null,
karliiken,heads,null,maraich
karoth,slaver,null,fpe
karral,swirl,null,ashnazg1
kat,didn't,null,fpe
katrill,slaughter,null,ANIMAL25_17
kavakna,sorrys,null,UnderWorldSwan
kaztirth,cries,null,fpe
ke'brei,breaker,null,loveiessheart
ke'hl'ash,bounty,null,ODarkstorm
ke,indeed,null,fpe
keer,taught,null,fpe
keeshe,dagger,null,krynn
keffal,seen,null,fpe
kel'nar,dad,null,fpe
kel'tahk,invincible,null,zenithan
kelia,bored,null,fpe
kelliat,daggar,null,ahramits
kenoth,fake,null,cool142
kerath,carnage,null,fpe
kerol,oger,null,viaxus
kestal,hope,null,psyco7976
kev,drop,null,fpe
kghret,pleasent,null,Jinny
khal'abbil,my trusted friend,null,vegita737
khal,to trust,null,cwhite
khal,to trust,null,cwhite
khaless,trust,null,
khalessev,trusted,null,Tchaboba
khaliizi,stone,null,hob
khalith,courage,null,justask
khazid'hea,cutter,null,sunfire999
khel,body,null,
khlurysten,judgement,null,eugenetsuoi
khowz,slob,null,fpe
khr'uss,certainly,null,fpe
khruste,certain,null,fpe
khurzoan,worthier,null,fpe
khurzon,worthy,null,Khurzon
khurzuil,worthiest,null,fpe
khyrpua,harmful,null,fpe
kiel,slow,null,Elorn_Greystone
kikkamm,sickle,null,M_Kindre
killian,sword,null,justask
killianen,swords,null,arabwel
kissa,swiftly,null,dimmulorian
kitrye,half,null,Ladyleadcrow
kivvil,surfacer,null,fpe
kke,rude,null,fpe
kku,finish,null,fpe
kkublyn'tan,weekend,null,lowender
kkuuth,finished,null,fpe
kl'ae,use,null,fpe
kl'aein,using,null,landonpad1aol.com
kl'eril,useless,null,fpe
kla'ath,serve,null,Lolath_Cryso
kleel,important,null,
klew'ar,moment,null,fpe
klew'kin,hour,null,fpe
klew'nor,minute,null,fpe
klez,thing,null,lukedesade
klezn,things,null,fpe
klithophe,tangling,null,fpe
klu'chud,spawn,null,dbart
kluchud'ssussun,color,null,adrienne
kluth,seem,null,fpe
kluthak,seems,null,fpe
klyth,tangle,null,fpe
klythmaril,entangling,null,fpe
knif'rt,glowing,null,jedi_pikachu25
knif,glow,null,jedi_pikachu25
ko,uh,null,bbt1
kor'in,furry,null,GRMjester
kor'inth,rage,null,twobeans
kor,anger,null,Grmjester
korishi,knock,null,deavek
korriless,vaguely,null,fpe
korrle,vague,null,fpe
kostith,holding,null,Gerbig
kr'athin,ready,null,bblac1
kraltok,taco,null,BBT1
kre'j,begin,null,dryzen
kre'jil,begining,null,xaeon
kre'tan,morning,null,lowender
kreth'el,regret,null,fpe
kreth'el,repent,null,fpe
kri'sha,cover,null,fpe
krik'vlicss,tears,null,fpe
krithyj,murderess,null,ladyleadcrow
krrja,puzzle,null,fpe
krrjat,puzzled,null,fpe
kruk,state,null,fpe
kry'stona,place of caves,null,dragonwitch4
ktonos,slayer,null,skotos
ktonos,slayer,null,skotos
ku'lam,rise,null,ashnazg1
ku'nal,faithful,null,SilentDrow
kuk,staff,null,agdfg
kul'gobsula,prison,null,
kul'gobuss,prisoner,null,
kulauk,drool,null,mmbokng
kulg,blockage,null,
kulg,snag,null,
kulggen,barrier,null,
kulggen,shield,null,
kult'ressin,ruler,null,HiFaluton
kultar,rules,null,HiFaluton
kuma,kobold,null,deavek
kus,send,null,fpe
kuttra,mushroom,null,nezzir
kuuv,dare,null,fpe
ky'ostal,armor,null,
ky'ov'aer,magic wards,null,
kyikh,age,null,fpe
kyil,dart,null,
kyilen,darts,null,
kylara,lethal,null,BBt1
kyon,care,null,
kyona,carefulness,null,cwhite
kyone,alert,null,
kyone,alertly,null,jvanzanen
kyone,careful,null,
kyorl'n,witnesses,null,azuremystique
kyorl'urn,watchful,null,
kyorl,guard,null,fpe
kyorl,guard,null,fpe
kyorl,see,null,khalin
kyorl,wait,null,
kyorl,watch,null,
kyorlen,watchers,null,azuremystique
kyorli,watcher,null,fpe
kyorlin,watching,null,
kyreshorl,obvious,null,selkiemaid
kyuvr,breed,null,fpe
kyuvrem,breeding,null,fpe
l',the,null,
l'amith,enjoy,null,cat16
l'elamshin,the destiny,null,fpe
l'elend,the traditional,null,fpe
l'essnil,wench,null,jsadams
l'inya,gaze,null,vxvlassvxv
l'lonna,wither,null,gideonnightblade
l'lonneal,withered,null,gideonnightblade
l'puul,foul,null,jalina
l'sith,address,null,esgalduin
l'thi,animal,null,fpe
l'yathtallar,the high priestess,null,lanif_ssenkrad
la'uren,knees,null,fpe
lac'na,seeks,null,fpe
lac'nala,seeker,null,chimera1967
lac'nou,seeking,null,fpe
lac,seek,null,fpe
ladir,ladder,null,foxishere6
lael,eight,null,
laelar,eighth,null,
lamin,shines,null,fpe
lani,keeper,null,fpe
lanke,lake,null,ldk2000puppy
laoles,praised,null,fpe
lar'aen,summoning,null,fpe
lar,call,null,jessadriel
lar,summon,null,jessadriel
larnde,lavender,null,anyway_really
lasse,leaf,null,Julienne_Noquar
lassen,leaves,null,Julienne_Noquar
lassrinn,break,null,Lolath_Cryso
lassrinn,tame,null,Lolath_Cryso
lassrinnb,tamed,null,fpe
lassrinneh,taming,null,fpe
lassrinnuss,tamer,null,fpe
laur,knee,null,fpe
lauske,hair,null,Julienne_Noquar
leith,fish,null,raintheinsane
lentan,smirk,null,anadrel
lerg,baby,null,xavier5891
lerut'l,coal,null,xadre
less,mzuld,null,gothicprophet
lest,lets,null,reiforce18
leza,bit,null,anakin_noquar
lgor,figure,null,Lady_Kalbrin
lgoruth,figured,null,fpe
ligrr,girl,null,M_Kindre
ligrrabbil,girlfriend,null,M_Kindre
liiko,wax,null,thalia darkchyld
lil'alure,dance,null,alakazam626
lil,the,null,
lilbh'iahin,joy,null,dilnyrae_auvryndar
linath,song,null,Julienne_Noquar
linathen,songs,null,Julienne_Noquar
lince'sa,pet,null,Tameria_Melohwar
linddil,lizardman,null,viaxus
lindua,sings,null,Skywise_Laenon
linoin,west,null,drow
lintaguth,platter,null,
linth'el,cauldron,null,
linthar,bard,null,Julienne_Noquar
lintharen,bards,null,Julienne_Noquar
linthel,melody,null,Julienne_Noquar
linthelea,melodious,null,Julienne_Noquar
linthelen,melodies,null,Julienne_Noquar
linthre,brazier,null,
lish,super,null,Syntax_acid
lishcalillisticandroz,supercalifragilisticexpallidoc,null,
lisse',harmony,null,Julienne_Noquar
lisse'lea,harmonious,null,Julienne_Noquar
lith'lossta,intimate,null,Darkend_rose
llaar,really,null,M_Kindre
llanath,presence,null,fpe
llar,three,null,
llarh,babe,null,fpe
llarl,adamantine,null,fpe
llarnbuss,third,null,
lle'isgar,rising,null,matt
lle'warin,miss,null,fpe
lle'warinil,missed,null,fpe
llentol,quietly,null,fpe
llieh,perfect,null,shh14
llinshin,lunch,null,spencer.dorman
lloun'az,artist,null,fpe
lloun,art,null,fpe
lodias,people,null,kyojun_
loff'ta,happy,null,Lolath_Cryso
loff'tarien,happiness,null,Julienne_Noquar
loktriam,guy,null,Alien_montti
loniar,wet,null,
lor',oxygen,null,DungeonMasterDM
lor,look,null,anthrax
loril,looked,null,fpe
lorith,looking,null,fpe
lorr,air,null,DungeonMasterDM
lorug,tree,null,tina_w_ilharess
lorugen,trees,null,Julienne_Noquar
lorulm,wood,null,tina_w_ilharess
losva,thumb,null,fpe
losval,thumbs,null,fpe
lotha,little,null,DarkerSun
lsyt,sly,null,tjlongshore
lu',and,null,
lu'oh,how,null,fpe
luent,east,null,drow
lueth,and,null,
lukkil,ratman,null,viaxus
luth'ol,javelin,null,
luth'ol,spear,null,
luth,cast,null,
luth,hurl,null,
luth,throw,null,
luthe,casts,null,Niikkt_Arvanon
luthk,thrown,null,fpe
luthtar,gladly,null,c_y_a_wolf
m'elzar,mage,null,fpe
m'elzaren,mages,null,fpe
m'ranndii,husband,null,Tameria_Melohwar
m'ranndii,mate,null,Tameria_Melohwar
m'sig,music,null,blindmelon70s
m'thain,priest,null,Khurzon
maav'at,ignorance,null,fpe
madari,signal,null,fpe
maelthra,dragon,young,
maglust,alone,null,
maglust,apart,null,
magthere,school,null,
magtheres,schools,null,anakin_noquar
mal'ai,idiot,null,drizzit20
mal'rak,forever,null,shadowdncr
mal,fights,null,Julienne_Noquar
mala,manners,null,fpe
malar,fight,null,Oliddrow
malarin,fighting,null,landonpad1
malaruth,fought,null,fpe
maligore,crafty,null,ry_york_
malla,honored,null,
mamulen,chest,null,
manner,valor,null,fpe
mapat'drachim,map,null,fpe
maral,storm,null,Malia_Blood
marala,storms,null,
maristo,tonight,null,bbt1
marofke,bell,null,BBt1
matonist infal din,clear the area,null,www.ooji
maunech,burden,null,selkiemaid
maurna,boat,null,ashnazg1
may'salkiriiss,nightshadow,null,starbreezemagic
mayar,chance,null,fpe
mayoe,maybe,null,fpe
mechrola,swallow,null,fpe
medose,harder,null,darkfyre20
medri,death bringer,null,fpe
melaer,fight w/ magic,null,
melee,fight w/ weapons,null,
mem,stomach,null,fpe
menah,wide,null,animal25_17
menvis,path,null,Julienne_Noquar
menvissen,paths,null,Julienne_Noquar
micamer,ma'am,null,KcPerson1
mii'n,means,null,hoxu84
mina,them,null,
mir'cahallin,jar,null,GRMjester
mir't,pulled,null,ahelper
mir,hold,null,
mir,to hold,null,
mirshann,angel,null,sindael
mith,grey,null,Elucidius
mithuth,sin,null,fpe
miulk'ars,minions,null,donnak
ml'aen,sight,null,fpe
molerngoth,dragonclaw,null,studo31
molo,wraith,null,
mon'tu,point,null,dara_eve
mora,act,null,jvanzanen
morad,action,null,jvanzanen
morfel,made,null,kethen
morfelith,making,null,fpe
morfeth,make,null,fpe
morn'lo,heat,null,xadre
mortath,maker,null,dragonwitch4
mrannd'ssinss,lover,male,
mri'kul,lock,null,
mri'kul,to lock,null,
mrigg,guide,null,
mrigg,inspire,null,
mrigg,to guide,null,
mrigg,to inspire,null,
mriggan,guidance,null,fpe
mrim'ol,key,null,
mrimm d'ssinss,male lover,null,Kijikun1
mrimmd'ssinss,lover,female,
mru'nga,encourage,null,Julienne_Noquar
mru'ngae,encourages,null,Julienne_Noquar
mru'ngain,encouraging,null,Julienne_Noquar
mua,foe,null,fpe
muatrix,matrix,null,fin
mufiga,yesterday,null,deavek
mufo,tomorrow,null,deavek
mumbaro,move,null,fpe
murrpau,cat,null,Tameria_Melohwar
murrpau,feline,null,Tameria_Melohwar
muse,soulaf,null,damohannon
muth,found,null,okiefromanoke
myar,bad,null,mwarnet
mylthar,devour,null,farragox
myrloch,astral,null,fpe
myrlochar,soul spider,null,nemesis
myrxle,miracle,null,gayness
mzil,many,null,
mzild,more,null,
mziln,additional,null,jvanzanen
mziln,also,null,
mziln,extra,null,
mzilst,most,null,
mzilt,much,null,
mzulst,least,null,gothicprophet
n'abyl,testicles,null,fpe
n'belaern,debt,null,khalin
n'kyorl,await,null,fpe
n'kyorlin,awaiting,null,fpe
n'tol,vicious,null,fpe
na'ceroth,barbarian,null,jsadams
na'eroth,trembling,null,Shaerilin
na'rescho,uneasy,null,drowboy
na'uren,hips,null,fpe
naak'e,jealous,null,lenashura
nacta,pierce,null,
nadorhuan,coward,null,jerrekfirlan
nalt'chaxxan,murderous,null,galenf
naqualla,displease,null,fpe
nar'harcan,vendetta,null,vvendettav
nar'hethi,vengence,null,fpe
narikia,nymph,null,AwakenPsi
narkuth,scroll,null,
narrakan,shy,null,cyane_
nat'raeth,connected,null,mmstrawberrywine
natha,a,null,
nau'shind,forbid,null,adrienne
nau'shindcal,fruit,null,adrienne
nau'shindin,forbidding,null,Julienne_Noquar
nau,no,null,
naubol,nothing,null,
naucrup,blameless,null,fpe
naudal,across,null,
naukhel,nobody,null,
nauphlyle,claimless,null,fpe
nauqu'allath,displeased,null,fpe
nauqualla,displease,null,fpe
naur,hip,null,fpe
nauritz,valueless,null,fpe
nausbyr,neither,null,
nausrigg'tul,displeasure,null,fpe
naust,none,null,
naut'kyn,blind,null,morphine
naut'shinder,forbidden,null,adrienne
naut-elghinyrr,undead,null,dragonstar20
naut,not,null,
nauvost,ceaseless,null,fpe
nauxahuu,refuse,null,fpe
nauxxizz,helpless,null,fpe
nauxxizzna,helplessly,null,fpe
ne'enuvar,waterlily,null,surriathewitch
ne'has're,new clothes,null,curnack_the_drow
ne'kales,distrust,null,
ne'kalsa,nottrusting,null,
neantak,void,null,uncletas
neccasalmor',necromancer,null,vandalsoul
neera,becomes,null,neo_dietrich
neerrh,salvage,null,
neghlackt'opst,neverwinternights,null,duke_raithias_of_angelica
nei,empress,null,blacwolfe
neitar,never,null,azazel357
nek,slut,null,kethen
nelgeth,to forgive,null,
nelgetha,forgiveness,null,
nelgethaun,forgiven,null,Julienne_Noquar
nempori'phish,magenta,null,adrienne
nempori,ugly,null,kethen
nereth'ul,dictionnary,null,shadrack-elfe-noire
nesst,man,null,adorasithkin
nesstren,men,null,adorasithkin
nez,win,null,drow18
nezcau'bol,benefit,null,fpe
nezdous,prevail,null,annesilverwolf
nezmuth,won,null,adrienne
niar'haanin,river,null,GRMjester
niar'uuthli,teal,null,adrienne
niar,water,null,
niaren,waters,null,Julienne_Noquar
nibele,game,null,afraser
nibeless,games,null,fpe
nictus,hopping,null,Diablomanx666x
nienar,mourn,null,Julienne_Noquar
nienare,mourns,null,mourning
nigunti'kar,genitals,null,master_o_punk
nika,stranger,null,damianeternal
niki,strangers,null,fpe
nilah,misery,null,deadlyraven
nin,now,null,
nin,present time,null,
nind,they,null,
nindel,that,null,
nindol,this,null,
nindolen,these,null,
nindyn,those,null,
nint,theirs,null,
ninta,their,null,
nintan,themselves,null,
niyar,weep,null,Julienne_Noquar
niye,weeps,null,Julienne_Noquar
niyin,weeping,null,Julienne_Noquar
nizzik,sharpen,null,fpe
nizzikef,sharpened,null,fpe
nizzikn,sharpening,null,fpe
nizziknir,sharpener,null,fpe
nizzre',lightning,null,
nl'gnos,missile,null,fpe
nna'biss,tug,null,fpe
nnabiss,pull,null,fpe
noa,lose,null,adrienne
noalith,neutral,null,
noamuth,lost,null,
noamuth,unknown,null,
noamuth,wanderer,null,jvanzanen
norrs,mouth,null,LolathChath
nota'man,devil,null,TheRealMyutsu
nou'hai,concern,null,selkiemaid
nrunn,bore,null,SaphyreTaquein
nrunnin,boring,null,saphyretaquein
nrunnkel,boredom,null,fpe
nug'ri,hungry,null,curnack_the_drow
nuij,fiend,null,fpe
numl'esstu,sadness,null,dilnyrae_auvryndar
numl,sad,null,dilnyrae_auvryndar
nuor,roll,null,Julienne_Noquar
nuore,rolls,null,Julienne_Noquar
nuorin,rolling,null,Julienne_Noquar
nuorus,rolled,null,Julienne_Noquar
nuw,jaw,null,fpe
nuwei,jaws,null,fpe
nwn't,untold,null,fpe
ny,covet,null,fpe
nyln,coveted,null,fpe
nym'uer,hear,null,fpe
nym'uerus,heard,null,deventaraen
nyrr,coveting,null,fpe
nzet,neat,null,haleyangelheart
o'dad,druid,null,Evermeet1371DR
o'goth,heal,null,WithAGrayHeart
obok'ssuss,noon,null,lowender
obok,high,null,fpe
obsu'arl,trapdoor,null,
obsul'e,portal,null,xadre
obsul,gap,null,
obsul,opening,null,
ocan,mole,null,fpe
ofil'nisha,clothes,null,fpe
og'elend,heretic,null,
og'elend,traitor,null,
og'elendar,treason,null,
ogglin,rival,null,
ogglinn,enemy,null,
ogglinnar,enemies,null,zenbaby
ogglir,to rival,null,
ogglirin,rivaling,null,
ogglit,opponent,null,fpe
ol'elg,assassinate,null,
ol'elghinn,assassination,null,
ol,it,null,
olath'yukin,brown,null,adrienne
olath,dark,null,
olathur,darker,null,Niikkt_Arvanon
olathurl,darkest,null,Niikkt_Arvanon
olis'inth,conspiracy,null,
olis'inth,plot,null,
olis'inthen,plots,null,Julienne_Noquar
olis'inthigg,coup,null,
olist,caution,null,
olist,stealth,null,
olister,acquire,null,jvanzanen
olog,troll,null,kurum3
oloth,darkness,null,Buddha_78
oloth,darkness,null,Buddha_78
olplyen,thieves,null,xadre
olplyn,thief,null,
olplynir,steal,null,
olt,its,null,
oltan,itself,null,
olva,plant,null,Julienne_Noquar
omegarialt,abandonment,null,BBt1
onhasta,dedicated,null,anadrel
onhir,worship,null,Julienne_Noquar
onhire,worships,null,Julienne_Noquar
onhirin,worshipping,null,Julienne_Noquar
ontos,beigler,null,www.ooji
ooble',tongue,null,Chath_Cryso
ooble'en,tongues,null,Julienne_Noquar
oolos,fools,null,c_y_a_wolf
op'elg,pirate,null,
op'elgin,piracy,null,
op'elgin,thieving,null,
op'lin,spilt,null,fpe
opholudou,fascinating,null,fpe
or'a,money,null,evilgod
or'shael,sacrifical,null,fpe
or'shanse,sacrifice,null,Julienne_Noquar
or'shansein,sacrificing,null,Julienne_Noquar
or'shansene,sacrifices,null,Julienne_Noquar
or'shausedus,sacrificial,null,webmistress
orbb,spider,null,
orbbcress,spiderweb,null,fpe
orbben,spiders,null,Alien_montti
orbdrin,mask,null,nemesis
orbdrinus,masked,null,Julienne_Noquar
oreb,raven,null,coccineusmaga
ori'gato,let,null,annesilverwolf
orior,prepare,null,neo_dietrich
orlenggin,altar,null,nemesis
orlingg,bed,null,fpe
orn'la,would,null,Tameria_Melohwar
orn,will,null,
orofarne,mountain dwelling,null,Julienne_Noquar
orofarnen,mountain dwellings,null,Julienne_Noquar
orrl,scorpion,null,fpe
orshal,challice,null,nemesis
ortelanth,pray,null,Julienne_Noquar
ortelanthe,prays,null,Julienne_Noquar
ortelanthin,praying,null,Julienne_Noquar
ortelassa,prayer,null,Julienne_Noquar
ortelassan,prayers,null,Julienne_Noquar
orthae,holy,null,
orthae,sacred,null,
orthelanthus,prayed,null,Julienne_Noquar
orvelve,sacrificial dagger,null,nemesis
orvulae,stiletto,null,fpe
ou'tix,actually,null,fpe
oubran,loudly,null,fpe
ouhyll,match,null,fpe
oukke,rudely,null,fpe
oura,tiger,null,OoLitenapaoO
ouvalyrin,kindness,null,fpe
p'lat shkaranshtra,playstation,null,syldor
p'leik,suffering,null,qt_baby_girl666
p'los,before,null,
p'luin,after,null,
p'luvt,prey,null,martinrob
p'obon,mark,null,fpe
p'wal,because,null,
pa'das,panther,null,fpe
pahntar,open,null,Julienne_Noquar
pahnte,opens,null,Julienne_Noquar
pahntus,opened,null,Julienne_Noquar
parth,lawn,null,jovi_h
paxil,decay,null,gw_potts
pera'dene,scapegoat,null,joisig
peri'sol,perish,null,blacwolfe
pes'cis,spice,null,LexiLordison
ph',are,null,
phalar,grave,null,
phalar,marker,null,
philth,despise,null,
phindar,monster,null,
phish,red,null,fpe
phla'ta,terrible,null,heavner13
phlith,hate,null,
phlithe,hates,null,Niikkt_Arvanon
phlithus,hated,null,DavinDaryon
phlyle,claim,null,fpe
phlynn,claims,null,fpe
phlyou,claiming,null,fpe
phlyus,claimed,null,fpe
pholod,onto,null,
pholor,on,null,
pholor,upon,null,
pholud,fascinate,null,fpe
pholudeq,fascinated,null,fpe
phor,above,null,
phor,over,null,
phor,up,null,
phraktos,gods,null,fpe
phreng,realm,null,wynterstar_
phrengen,realms,null,Julienne_Noquar
phu',are,null,
phuul,are,null,
pirkuloitte,looting,null,hoxu84
piwafwi,cloak,null,
plak'la,gold,null,Tameria_Melohwar
plak'la,golden,null,anadrel
plica,neck,null,VenoDSheba
plithou,hateful,null,fpe
plithut,hatred,null,fpe
ply'usaerth,kidnap,null,
ply'uss,arrest,null,
ply'uss,capture,null,
ply'ussiln,captivate,null,fpe
ply'ussilnaa,captivating,null,fpe
plynn,seize,null,
plynn,take,null,
plynnil,write,null,Apparatchika
plynnith,writen,null,Apparatchika
plynnithus,writing,null,Apparatchika
plyussk,captor,null,fpe
plyussq,captive,null,fpe
polah,swab,null,artofCC
pragray'l,paranoid,null,lenashura
priqual,problem,null,xaeon
prollussk,boys,null,nanybest
ptau'a,attend,null,fyressilence
ptau'al,attention,null,fyressilence
q'zaky,mom,null,Fizziewillie
qee'lak,quick,null,fpe
qee,fast,null,fpe
qeeh,faster,null,fpe
qeesuaco,whirlwind,null,fpe
qloav,lips,null,fpe
qlov,lip,null,fpe
qo,clip,null,fpe
qos'su,dreading,null,fpe
qos,dread,null,fpe
qosou,dreaded,null,fpe
qreec,immense,null,arabwel
qu'abban,house agent,null,
qu'el'faeruk,house wizard,null,
qu'el'saruk,house weapons master,null,
qu'el'velguk,house assassin,null,
qu'elaeruk,sorcerer,null,fpe
qu'ellar,house,null,
qu'ess,prince,null,anadrel
qu'essan,princess,null,anadrel
qu'ilinsar,house insignia,null,nemesis
qu'madonest,sailor,null,kurum3
qu'mados,sea,null,deavek
qu'madosfa,aquatic,null,deavek
qu'madosfan,ocean,null,deavek
qu'za,abode,null,Batrick
qu'zenas,domicile,null,Batrick
qua'l,agree,null,
qua'lae,disagree,null,
qua'lae,disagree,null,
qua'laelay,arguement,null,
qua'laelayen,arguments,null,Julienne_Noquar
qua'laen,against,null,fpe
qualla,please,null,Dragon_Chormium
quanth,fill,null,Julienne_Noquar
quanthe,fills,null,Julienne_Noquar
quanthin,filling,null,Julienne_Noquar
quar'valsharess,goddess,not lloth,
quarth,command,null,RustyLennox
quarth,order,authority,solarhawk
quarth,order,null,solarhawk
quarthas,duty,null,khalin
quarthen,commanded,null,
quarthen,ordered,null,Rogue_Blackstar
quarthes,appropriate,null,jvanzanen
quarval-sharess,goddess,null,
queelas,quickly,null,c_y_a_wolf
quellarin,castle,null,xadre
quen,four,null,
quenar,fourth,null,
quill,pen,null,bbt1
quin,yet,null,
quivved,guest,null,tina_w_ilharess
quor'vlosaba,soulfriend,null,selkiemaid
quor'vlosara,soulmate,null,selkiemaid
quorin,drown,null,Julienne_Noquar
quorine,drowns,null,Julienne_Noquar
quorinhin,drowning,null,Julienne_Noquar
quortek,soul,null,Sune1112
quugh,mar,null,fpe
quughuth,marred,null,fpe
quuk,blemish,null,fpe
qwe'en,needles,null,fpe
qwe,needle,null,fpe
qweoth,needling,null,fpe
r'glin,hooks,null,fpe
r'hul,avenger,null,lpaliani
ra'ri,apocalypse,null,fpe
ra'uren,calves,null,fpe
raeh'li,fierce,null,fpe
ragar,discover,null,
ragar,find,null,
ragar,uncover,null,
ragarrl,search,null,golden_darkness
raghvaril,villain,null,fpe
raghvarilna,villains,null,fpe
ragrubah,dungeon,null,fpe
rah'fol,handsom,null,Maiar_Melda_Elu
rah,hand,null,AWP81
rahi,hands,null,AWP81
rahkri'sha,glove,null,fpe
rahkri'shuu,gloves,null,fpe
raim'xium,million,null,NocturnalPlaybeast
rak'nes,especially,null,fpe
raldar,strip,null,
raldarin,stripping,null,Niikkt_Arvanon
ramak,sins,null,dsharp
ramith,nightmares,null,KatRose13
ramoth,nightmare,null,KatRose13
ranndek,mates,null,fpe
ranndilin,mating,null,fpe
rasimorf,frustration,null,fpe
rath'arg,coward,null,
rath'argh,dishonor,null,
rath'elg,backstab,null,
rath,back,null,
ratha,backs,null,fpe
rathi'dol,backwards,null,KanjiofShi
rathrea,behind,null,
raur,calf,null,fpe
ravhel,hundred,null,
ravhelar,hundredth,null,
raxoll,element,null,tina_w_ilharess
re'ew,screw,null,LimpKoRngirl86
rei,fall,null,fpe
reibe,wall,null,blackelf54321
reiyal,quite,null,fpe
rena'wen,basalt,null,anadrel
rendan,abyss,null,deavek
renor,black,null,VoloMcDoom
repalninkiz,pregnant,null,Rwoif
rescho,easy,null,Drowboy
reshka,returns,null,fpe
resk'afar,hole,null,deavek
resk'sultha,penetrate,null,adrienne
ressverd,reserved,null,lucienmalveaux
retlah,full,null,Lace_Ethereal
retlahlgoruth,full-figured,null,fpe
revi'n,street,null,fpe
revis,road,null,fpe
rewt,fat,null,
rezl,abdomen,null,fpe
rezlb,abdomens,null,fpe
rezlet,denial,null,mdnghtwarrior
reztorm,along,null,burnt_16
rhoque,scavenger,null,
rhoquil,scavengers,null,
riknueth,bitter,null,
ril,every,null,
rilbol,everything,null,
rilkhel,everybody,null,
rilu'oh,however,null,Morphine
riluss,everyone,null,
rilvel'klar,everywhere,null,shyskriek
rin'ov,ever,null,fpe
rinovdro,immortal,null,fpe
rinteith,throat,null,
rith'tar,sentinel,null,fpe
ritze,value,null,fpe
ritzeld,valuable,null,evilgod
ritzelden,valuables,null,fpe
ritzemme,valuing,null,fpe
ritzen,values,null,fpe
ritzou,valued,null,fpe
rivol,gorrilla,null,viaxus
rivven,humans,null,
rivvil,human,null,cantrell
rivvilse,humans,null,Darkend_rose
rivvin,common,null,fpe
rnahm,polite,null,shadrack-elfe-noire
roesor,sorrow,null,fpe
roo'lar,rouge,null,rev_smit
rosa,rain,null,Julienne_Noquar
rosin,born,null,neo_dietrich
rotarkmal,grilled,null,BBt1
rotharln,slaving,null,fpe
rothe,cattle,null,Vampirehunter18
rothe,slave,null,
rothen,slaves,null,grandmagi
rothrl,obey,null,INeverSleepAtAll
rovu,warg,null,fpe
rovul,wargs,null,fpe
roxuc,practical,null,fpe
roxucul,practically,null,fpe
rrakke,rudeness,null,fpe
rraun,six,null,
rraunar,sixth,null,
rrhovor,batter,null,fpe
rrhovoruth,battered,null,fpe
rrok,scavenge,null,
rrokai,scavenging,null,
rrorrok,hound,null,fpe
rrorrokmzil,hounds,null,fpe
rrosa,docks,null,c_y_a_wolf
rryatanan,solving,null,mwarnet
ruebusan,owing,null,fpe
ruebusl,owes,null,fpe
ruebuss,owe,null,fpe
ruebusu,owed,null,fpe
ruinay,runaway,null,Drizztwolf
rul'selozan,disgusting,null,jalina
rumunasin,sorceress,null,Funky
run'coii,mordor,null,fpe
ruzzo'iso,dumb,null,ashitora_hotmail.com
rytho'le,deserve,null,fpe
s'argt,guardian,null,elven_heart
s'ck,sick,null,Tigger
s'enar,sort,null,fpe
s'gos,brave,null,beachbreeze
s'ilnesa,snail,null,jsadams
s'lat'halin,fighter,null,gothicchic180
s'luge,flay,null,fpe
s'lurpp,fawn,null,
s'lurpp,flatter,null,
s'lurppin,flattering,null,
s'lurppuk,sycophant,null,
s'pdon,spellcaster,null,Thanos_Nihil
s'ssiron,sassy,null,jalina
s'tharl,sit,null,drowlover
s'xor,suck,null,webmaster
sa'uren,shins,null,fpe
sadei,fox,null,fpe
sae'etha,content,null,spider.keiikui
sae'uth,pleased,null,spider.keiikui
sakphen,halflings,null,
sakphul,halfling,null,
salkin,dancing,null,Julienne_Noquar
sanguine,vampire,null,VmpQueen
sanrr,reason,null,M_Kindre
sanwttdd,smile,null,nop
saph,like,null,
saqos,dreadful,null,fpe
saqqal,forearm,null,fpe
saqqaln,forearms,null,fpe
sar,pin,null,fpe
sara,wheat,null,Julienne_Noquar
sargh,strength at arms,null,
sargh,valor,null,
sargtlin,drow warrior,null,
sargtlin,warrior,null,fpe
sargtlinen,warriors,null,Tameria_Melohwar
sariya,cloud,null,ahramits
sariyan,clouds,null,ahramits
sarn',warning,null,
sarn'elgg,punish,null,
sarn,beware,null,
sarnor,swift,null,ry_york_
sarol'veldruk,weaponmaster,null,fpe
sarol,weapon,null,
satiir,feel,null,swancraft_kul
satiira,feels,null,thayne
saur,shin,null,fpe
sca'varn,screaming,null,fpe
screa'in,learning,null,Julienne_Noquar
screa,learn,null,fpe
screan,learns,null,fpe
screus,learned,null,fpe
sea'an,hero,null,coolspy77
searna,noname,null,duke_raithias_of_angelica
sefal,anyways,null,deavek
sei'lor,set,null,fpe
seil,solace,null,selkiemaid
seke'olath,shade,null,adrienne
seke'ssussun,hue,null,adrienne
seke'ssussuni,tint,null,adrienne
seke,true,null,deavek
sel'tur,soft,null,fpe
sel'turi,softly,null,fpe
sel,new,null,Quasnia
selg'tarn,matter,null,ASimpleShadow
senger,lord,null,fpe
ser,keep,null,psyco7976
serisen,lovers,null,xadresidrage
seriso,lover,null,psyco7976
serto'uuthli,cyan,null,adrienne
serto,evergreen,null,adrienne
sethess,searched,null,c_y_a_wolf
sevir,leave,null,empressalexandra
sh'hat-lak,bibitone,null,syldor
sha'nalt,happen,null,fpe
sha-rasa,tremble,null,arabwel
shadrak,undead slayer,null,fpe
shadyr,genius,null,shadrack-elfe-noire
shadyrae,genie,null,dilnyrae_auvryndar
shaiith,nameless,null,gideonnightblade
shalh'hataa,paris,null,esgalduin
shanaal,chalice,null,
shanaal,goblet,null,
shanxxizz,helpful,null,fpe
shanxxizzul,helpfully,null,fpe
shaok,slug,null,BBt1
shar'tleg,turn,null,HiFaluton
shar,mind,null,reiforce18
sharorr,throne,null,
sharulg,royal seal,null,
shay'la,twinkle,null,fpe
shcrten,stubborn,null,Lady_Kalbrin
shebali,rogue,null,drow
shebali,non-noble drow,null,
shebali,rogue,null,drow
shee'lot,drunk,null,LolathCryso
shezqa,stark,null,arabwel
shinder,allowed,null,fpe
shinduago,surface,null,fpe
shineria,creep,null,deavek
shineriasta,creeping,null,deavek
shinul,occur,null,jessadriel
shinulin,occurrence,null,Julienne_Noquar
shinulinnen,occurrences,null,Julienne_Noquar
shlu'ta,can,null,lrdazure
shosan,chivalry,null,chickadee05
shosanzik,chivalrious,null,chickadee05
shu'iblith,dung,null,fpe
shu,shit,null,DesertElfendi
shuk,market,null,hidden_master
shuu,crap,null,fpe
si'iha,armpit,null,fpe
si'ihan,armpits,null,fpe
siasta,scimitar,null,drow_messanger
sieva,suppose,null,fpe
sievazhau,estimate,null,fpe
sik,whenever,null,fpe
sil'ilos,purple,null,adrienne
sil'iluuth,violet,null,fpe
sil'in,noble,null,glennsilverling
sila've,brought,null,arabwel
sila,bring,null,danhorn
silara,brings,null,danhorn
silinrai,hunters,null,fpe
silinrul,hunter,null,fpe
siltoz,survivor,null,FoxIsHere6
siltozen,survivors,null,fpe
siltrin,flesh,null,
sirn,mirror,null,fpe
sirnenj,mirroring,null,fpe
sirnet,mirrored,null,fpe
sirnnh,mirrors,null,fpe
sithe',lots,null,watever
sithyrr,crossbow,null,nemesis
siyo,yes,null,Dreeder123
sjaad'ur,excuse,null,shadrack-elfe-noire
skikudis,steel,null,ladyleadcrow
skragharigg,unicorn,null,planert
slud'ou,chained,null,fpe
sluda,chain,null,fpe
sluden,chains,null,fpe
slyan,star,null,DarkerSun
slyannen,stars,null,Julienne_Noquar
sn'dar'adii,bloodwrath,null,
softe,beer,null,deavek
sokoya,pretty,null,fpe
sol,eye,null,
solen,eyes,null,
sreen'aur,safe,null,
sreen'aur,safety,null,
sreen,danger,null,
sreenath,dangerous,null,c_y_a_wolf
srif,eyelash,null,fpe
srifey,eyelashes,null,fpe
sril've,shimmering,null,arabwel
srow,scum,null,fpe
ssa,serpent,null,fpe
sseren,hot,null,
ssiggrin,thought,null,fpe
ssiggrins,thoughts,null,
ssil'ernuhn,sarcastic,null,fpe
ssin'urn,beautiful,null,
ssin'urn,sexy,null,krynn
ssin'urne,beautifully,null,Niikkt_Arvanon
ssin'urninness,seducer,null,fpe
ssin,beauty,null,
ssindossa,whore,null,vwvkittenvwv
ssinjin,sweet,null,
ssins d'aerth,professional entertainer,prostitute,
ssins d'aerth,prostitute,null,vegita737
ssinss'rhul,nude,null,chaosdrow
ssinss,allure,null,jvanzanen
ssinss,charm,null,
ssinss,seduction,null,
ssinssrickla,giggles,null,jojonah
ssinssrigg,love,null,nemesis_aod
ssinssrigg,lust,null,
ssinssrigg,passion,null,
ssinssriggin,loving,null,
ssinssriggin,lusting,null,
ssinssrigin,loves,null,fpe
ssinssrin,desire,null,khalin
ssinssrin,want,null,khalin
ssinssrine,desires,null,Julienne_Noquar
ssinssrinil,wanted,null,fpe
ssinsuurul,music,null,
ssissill,violent,null,fpe
ssissilluk,violence,null,fpe
ssivah,voice,null,fpe
sslazt,sleek,null,fpe
sslig'ne,defend,null,Lolath_Cryso
sslig'ne,protect,null,Lolath_Cryso
sslu,collar,null,fpe
ssluilling,collarbone,null,fpe
ssol'riss,echoed,null,fpe
ssol,echo,null,fpe
ssolsse,echoes,null,fpe
ssolssohl,echoing,null,fpe
ssouk,predator,null,fpe
ssouki,predators,null,fpe
ssran,worth,null,obsidianpromise
ssrethalas,streets,null,cya_wolf
ssrig'luin,need,null,jenaucly
ssrigg'tul,pleasure,null,Enigmatic_Mist
ssriggah,passionate,null,fpe
sssiks,sun,null,yautja1997
sssiksvig,sunworm,null,fpe
ssuorr,delicious,null,fpe
ssussun'eb,lightless,null,Julienne_Noquar
ssussun'yukin,yellow,null,adrienne
ssussun,bright,null,
ssussun,light,null,
ssussunel,lightly,null,cya_wolf
ssuth,escape,null,fpe
stath,few,null,
statha,story,null,fpe
ste'kol,toy,null,kaskus
stre,afraid,null,jvanzanen
streea,death,null,
streea,suicide,null,
streeadus,suicidal,null,webmistress
streeatul,arena,null,fpe
streeatulgh,arenas,null,fpe
streeka,reckless,null,
streeka,recklessness,null,
stu'eriod,lamer,null,ser
stylad,pulse,null,mittik_raw_nondo
su'aco,wind,null,fpe
sui'aerl,arcane,null,nwilson3
suingmc,silly,null,fpe
suliss'urn,graceful,null,
suliss,grace,null,
sultha,enter,null,victoria_ebn_al_ain
sundu,sing,null,fpe
sunduiri,singer,null,Julienne_Noquar
sunduirien,singers,null,Julienne_Noquar
sune'le,warming,null,jedi_pikachu25
sune,warm,null,jedi_pikachu25
suri,birds,null,fpe
suru,bird,null,fpe
sussu'ri,sunrise,null,Bludfang7
sut'rinos,commander,null,fpe
sut,release,null,fpe
suul'et'jabar,pompous,null,fpe
suul,side,null,
suulen,siding,null,fpe
suur,palm,null,fpe
suuril,palms,null,fpe
suust,quiet,null,fpe
suut'oth,knotted,null,fpe
suut,knot,null,fpe
suutsus,knotting,null,fpe
suuz'chok,tradition,null,Rozokov
suvok,listener,null,fpe
suvokai,listeners,null,fpe
suxxizz,helping,null,fpe
svirfnebli,deep gnome,null,shyskriek
svirfneblin,deep gnomes,null,
swariy,swear,null,blacwolfe
sweer,excellent,null,kurthau
swift,heales,null,antarlas
szeous,secret,null,fpe
szeoussen,secrets,null,Julienne_Noquar
szith,ten,null,
szithael,eighteen,null,
szithaelar,eighteenth,null,
szithal,nineteen,null,
szithalar,nineteenth,null,
szithar,tenth,null,
szithdra,twelve,null,
szithdrar,twelfth,null,
szithdrasv,decade,null,fpe
szithla,thirteen,null,
szithlar,thirteenth,null,
szithlyn,seventeen,null,
szithlynar,seventeenth,null,
szithraun,sixteen,null,
szithraunar,sixteenth,null,
szithrel,thousand,null,
szithuel,fifteen,null,
szithuelar,fifteenth,null,
szithuen,fourteen,null,
szithuenar,fourteenth,null,
szithus,eleven,null,
szithusar,eleventh,null,
szuk,tread,null,fpe
t'larryo,broken,null,JadeDBZ4
t'morr,limoncello,null,syldor
t'puuli,silver,null,Tameria_Melohwar
t'puuli,white,null,Tameria_Melohwar
t'yin,then,null,landonpad1
t'zarreth,ass,null,Ill khaless lll
ta'ecelle,sunlight,null,afraser
taga,than,null,
tagnik'zun,dragons,null,
tagnik'zur'zurdo,draconian,null,fpe
tagnik'zur,dragon,null,
tagnik'zur,dragon,null,
tah,hunt,null,fpe
tahh,chase,null,fpe
tahta,scared,null,OoLitenapaoO
tai'luen,spare,null,sarrillion
tajo,vision,null,fpe
takar,dry,null,thayne
takata,begone,null,kenadatron
taknea,thankyou,null,UnderWorldSwan
takrin,desert,null,apparatchika
takrome,shot,null,BBT1
tala,pink,null,fpe
talar,bonded,null,AvannaAirl
talhalrustir,ambassedor,null,jvanzanen
talinth,consider,null,
talinth,think,null,
talinth,to consider,null,
talinth,to think,null,
talintha,thinking,null,kaskus
talinthe,thinks,null,Julienne_Noquar
talinthin,considering,null,
talthalra,meeting,null,
talwien,feet,null,Julienne_Noquar
tangi,day,null,danhorn
tangis',even,null,shadow_enchanter
tangisto,evening,null,Malachian
tanook,quit,null,dravenblade2
tanth,worm,null,jsadams
tap'as,pasta,null,LexiLordison
tar'annen,company,null,gideonnightblade
tarthe,away,null,fpe
tau,thee,null,fpe
taudl,sorry,null,adam_x
taur,forest,null,Julienne_Noquar
taurea,forested,null,Julienne_Noquar
tauren,forests,null,Julienne_Noquar
taurina,wooden,null,Julienne_Noquar
tayaere,remorse,null,yu173948
tchaka,chocolate,null,Julienne_Noquar
tchal,bread,null,Julienne_Noquar
tchallen,breads,null,Julienne_Noquar
te-smur,prosper,null,anakin_noquar
tebaun,bladedancer,null,soulwarden
tejmook'cinkjuu,feeling,null,fpe
tela,tip,null,Julienne_Noquar
telan,tips,null,Julienne_Noquar
telanth,say,null,khalin
telanth,speak,null,khalin
telanth,talk,null,khalin
telanthaad,speaking,null,fpe
tenu,alright,null,DarkerSun
terini'nestg,interesting,null,LexiLordison
tesso,tell,null,psyco7976
tessoe,tells,null,Julienne_Noquar
tet,lovely,null,glennsilverling
th'auix,bounce,null,fpe
tha,met,null,c_y_a_wolf
thac'zil,land,null,Velochy
thac'zilen,lands,null,Velochy
thal,nine,null,
thalack'vel,ambush,null,
thalack,open fighting,null,
thalack,war,null,
thalackz'hind,raid,null,
thalackz'ondus,raided,null,fpe
thalar,ninth,null,
thalra,encounter,null,
thalra,meet,null,
theral,copper,null,lunchbox
thir'ku,change,null,fpe
thrityh,attack,null,ladyleadcrow
thsinthen'l,television,null,jedi_pikachu25
thsinthen'll,televisions,null,jedi_pikachu25
thsinthen,television,null,jedi_pikachu25
thuulstrea,anticipation of impending deat,null,
thyrais,empath,null,eugenetsuoi
ticondo,tired,null,deavek
tigar'zimut,domination,null,fpe
tighrabalt,mourning,null,BBt1
tiimar'l,simitars,null,curnack_the_drow
timpe,drizzle,null,Julienne_Noquar
tir,off,null,
tiu,fly,null,fpe
tiuin'iona,dust,null,gothicprophet
tix,actual,null,fpe
tizzin,lizard,null,anadrel
tk'parhn,broadsword,null,LtColonelFalcon
tlakh,applause,null,fpe
tlakheese,applauding,null,fpe
tlakhev,applauded,null,fpe
tlakhir,applaud,null,fpe
tlakhis,applauds,null,fpe
tlu'og,lend,null,fpe
tlu,be,null,
tlu,to be,null,
tluin,being,null,jbgarrison72
tlun,am,null,jvanzanen
tlus,been,null,
tlusher,begun,null,HiFaluton
tnoah,doesnt,null,innocentkiiier
to'ryll,emerald,null,Tameria_Melohwar
to'ryll,green,null,Tameria_Melohwar
toha,same,null,fpe
tois,died,null,Fizziewillie
tol'galen,emeral isle,null,fpe
tolanto,justin,null,www.ooji
tomanita'sorne,hellfire,null,Salem_Quickfinger
tona',dirt,null,joxter
tonaik,dirty,null,shadowGloom
tonashss,rock,null,crystalcgresham
tosdki,other,null,Alien_montti
toun,impress,null,fpe
tounle,impressive,null,fpe
tra,abbreviate,null,jvanzanen
transilit,translate,null,foxishere6
trantz,real,null,fpe
treem,fearing,null,fpe
treemma,fear,null,AmethystTorn
treemmafol,fearsome,null,fpe
treemmai,fears,null,fpe
treemmou,feared,null,fpe
treiw'waessuth,pale-skinned,null,fpe
treiw,pale,null,fpe
trelao,divine,null,psyco7976
tresk'ri,world,null,fpe
trez'in,northwest,null,drow
trez'nt,northeast,null,drow
trezen,north,null,drow
tril'vol,images,null,john_davis2001
tril,bite,null,
trinn'tele,alcohol,null,evilgod
trisil,agent,null,jvanzanen
tropalkia,steak,null,BBT1
tsak,tainted,null,dsharp
tsoss,kiss,null,Khordon
tsyddus,thinner,null,fpe
tsyde,thin,null,fpe
tu',both,null,
tu'fyr,between,null,
tu'jol,beyond,null,
tu'rilthiin,half-elves,null,
tu'rilthiir,half-elf,null,
tu'suul,beside,null,
tuain't,poisoned,null,ahelper
tualcss,cutlass,null,curnack_the_drow
tuin,spun,null,fpe
tullus,hall,null,fpe
tullusas,halls,null,fpe
tulshar,empire,null,tina_w_ilharess
tundro,deathstalker,null,SilentDrow
tupora,living,null,kethen
tuth,both,null,
tuvok,listening,null,fpe
tyav,taste,null,Racer7246
tyln,spinning,null,fpe
tyn,spin,null,fpe
tyne,spinner,null,fpe
tynil,spinners,null,fpe
u'nef,fortune,null,aceofsin
u'thet,recognize,null,anakin_noquar
ualstin,approve,null,jvanzanen
uchado,here,null,fpe
udos,we,null,
udossa,us,null,
udosst,ours,null,
udossta,our,null,masters
udosstan,ourselves,null,
ughasha,intrigue,null,fpe
ughashag,intriguing,null,fpe
ugul,low,null,fpe
uih,muscle,null,fpe
uil'mriz,trophy,null,joxter
uil,am,null,
ujool,glass,null,fpe
uk,he,null,
ukt,his,null,
ukta,him,null,
uktan,himself,null,
ul'din,raymus,null,raymusdarkwater
ul'hyrr,idea,null,fpe
ul'kas,called,null,anakin_noquar
ul'mubar,moving,null,anakin_noquar
ul'naus,together,null,
ul'nusst,cry,null,Enigmatic_Mist
ul'nusst,scream,null,Enigmatic_Mist
ul'plyr,reach,null,anakin_noquar
ul'trin,sound,null,Tolstari
ul'tro,sounds,null,Tolstari
ul-ilindithu,destiny,null,
ula,fine,null,luthedaine
ulan,toward,null,
ulathtallar,arch-priestess,null,jvanzanen
ulin,future,time,solarhawk
ulin,future,null,solarhawk
ulisha,fearie,null,deavek
uljabplynn,err,null,viconiadjevik
uljabplynn,mistaken,null,viconiadjevik
ulkund,flood,null,Julienne_Noquar
ulkunde,floods,null,Julienne_Noquar
ulkundin,flooding,null,Julienne_Noquar
uln'hyrr,lair,null,vegita737
uln'hyrr,liar,null,
ulnar,lie,null,
ulnar,untruth,null,
ulnarii,lying,null,fpe
ulnen,lies,null,fpe
ulnin,soon,null,fpe
ulnuth,lied,null,fpe
ultrin,supreme,null,
ultrin,transcendent,null,solarhawk
ultrine,mighty,null,jvanzanen
ultrinnan,conquering,null,
ultrinnan,victory,null,fpe
ultrinnan,victory,null,fpe
ulu,to,null,
unboi,step,null,BBt1
unnslith,lately,null,Krusk_the_great
uns'aa,me,null,jesusbane
unsilanon,catastrophe,null,ademis22
untaramar,ultimate,null,zenithan
uoi'nota,hell,null,kethen
ur'ac,foot,null,VenoDSheba
ur'thal,rider,null,fpe
ur'thalrss,riders,null,ivanisjosa
uriu,has,null,Golfman72
urlk'ris,govern,null,chaosdrow
us'jalil,m'lady,null,cyrik
usar,sliver,null,fpe
usbyr,either,null,
ush'akal,sir,null,fpe
ushdui,crazy,null,BBt1
usieva,guess,null,fpe
usievaah,pretend,null,fpe
uspir,spiral,null,
uss'sol,cyclops,null,viaxus
uss,one,null,
ussa,me,null,
ussgolhyrr,trickster,null,
ussgyot,position,null,fpe
usst'na,brimestone,null,MtheWizardSlayer
usst,mine,null,
ussta,my,null,
usstan'bal,i've,null,deventaraen
usstan'luf,oneselff,null,Lace_Ethereal
usstan'sargh,arrogant,null,fpe
usstan'sargho,arrogance,null,fpe
usstan,i,null,
usstan,i,null,
usstan,myself,null,
usstan,this one,null,
usstil,one in my place,null,
usstzigh,imagination,null,fpe
ussvelusscal,acid,null,fpe
ust'dan,infidel,null,drizzt.do.urden
ust,first,null,
usto,freak,null,fpe
usulii,member,null,Cottoniiv
usuud,offal,null,fpe
uuthli,blue,null,Tameria_Melohwar
uuthli,saphire,null,Tameria_Melohwar
uxxahuu,dispose,null,fpe
uyl'udith,greatest,null,bluewyvern69
v'dre,rest,null,fpe
v'dri,sleep,null,fpe
v'driy,sleepy,null,bblac1
v'nal,vale,null,fly_boy041
v'ren,lick,null,CIastacia
vaccaga,fottiti,null,syldor
vaen,last,null,daernae
valbyl,bind,null,fpe
valbylis,binding,null,fpe
valbynae,bindings,null,fpe
valdruk,shadowmaster,null,lifebane38
valkhel,liche,null,viaxus
vallabha,dearest,null,dagri_kapur
valm,bond,null,
valm,join,null,
valmuth,bonds,null,fpe
valshar,emporer,null,oliddrow
valsharen,imperial,null,
valsharess,queen,null,
valshath,palace,null,oliddrow
valuk,king,null,
valyr,manner,null,fpe
valyrin,kind,null,dragon_flami
valyrine,kindly,null,Julienne_Noquar
vaq',consume,null,Julienne_Noquar
vaq'e,consumes,null,Julienne_Noquar
vaq'in,consuming,null,Julienne_Noquar
vassnti,innocent,null,fpe
vasta,dump,null,c_y_a_wolf
vdrei,rests,null,fpe
vecorbid,worrys,null,ShadowStalker90
vedaust,goodbye,null,fpe
vedir,mount,null,Barracuta9
vedui',greetings,null,xvxadidasxvx
vee'ther,weather,null,hoxu84
vee,bid,null,fpe
veir,close,null,animal25_17
veire,closes,null,Julienne_Noquar
veirin,closing,null,Julienne_Noquar
veirs,closer,null,fpe
veirsa,closest,null,fpe
veirus,closed,null,Julienne_Noquar
vel'bol,what,null,
vel'bolen,which,null,
vel'dos,whose,null,
vel'drav,when,null,
vel'klar,where,null,
vel'uss,who,null,
vel'ussa,whom,null,
vel'xundussa,security,null,
vel'xunil,spying,null,fpe
vel'xunyrr,spy,null,
vel'xunyrr,to spy,null,
veldri,hide,null,fpe
veldrin,concealment,null,
veldrin,shadows,null,
veldrinn,hides,null,fpe
veldriss,shadow mistress,null,
veldruk,master,null,
veldrukev,mastered,null,fpe
velg'larn,assassin,null,
velg'larns,assassins,null,Niikkt_Arvanon
velkresa,hiding,null,fpe
velkyn,hidden,null,
velkyn,unseen,null,
vellupa,marry,null,Tameria_Melohwar
vellupala,married,null,Tameria_Melohwar
velnarin,instrument,null,
velve,blade,null,MsteryJedi
velve,blade,null,MsteryJedi
velvel,knife,null,fpe
velveli,knives,null,fpe
velven,blades,null,fpe
velvorn,bladed,null,fpe
velxunai,spies,null,fpe
vendui',greetings,null,Rogue_Blackstar
vendui,hello,null,keaslert
venoch,murder,null,TheUndead
venorik,silent,null,
venorsh,silence,null,
ventash'ma,leader,null,mikew29
ver'n,serious,null,fpe
veresi,moonless,null,bitterflower
verin,evil,null,fpe
verin,evil,null,fpe
verve,long,null,reiforce18
ves,very,null,Feiwongxgs
vesdrac,souls,null,fpe
vesss,smooth,null,fpe
vet,veil,null,
vhaid,proud,null,westphaljr
vharc,vengeance,null,fpe
vharcan,revenge,null,Avarcan
vhid,chaos,null,trizixeter
vholk,iron,null,tsmith
videnn,gate,null,fpe
vigaj,madness,null,fpe
viggtu,insane,null,fpe
viggtuii,insanity,null,fpe
vigh,mad,null,fpe
vikkhn,pragmatic,null,fpe
vikkhnoq,pragmatically,null,fpe
vil'klviss,worms,null,fpe
vil'zra'quath,freeze,null,Shadow_Enchanter
vilrath,malice,null,ahlaster
vin'ult,hail,null,john_davis2001
vir'ednith,explosion,null,Shadow_Enchanter
vishin,upsets,null,IriaDragon
vith'rell,fucker,null,iiibug
vith,fuck,null,fpe
vith,sex,null,
vith,sex-genders,null,drakxdrow
vith,sexual-intercourse,null,
vithanaik,sexuality,null,fpe
vithanna,sexual,null,fpe
vizh'tho,brandon,null,animal25_17
vla'rinnyn,brotherhood,null,darkelfhunter
vlos,blood,null,
voen'llyl,heed,null,fpe
voiry,book,null,personthing
vok,listen,null,fpe
vost,cease,null,fpe
vostul,ceasing,null,fpe
vreg'nth,wicked,null,fpe
vress'lve,claw,null,Tagnikzur Faern
vress'lvel,talon,null,Tagnikzur Faern
vress'ol,finger,null,Ravnos8th
vrin'klatu,essence,null,delthesbavi
vrine'winith,stop,null,Shadow_Enchanter
vrueh,studying,null,fpe
vrune,shoulder,null,fpe
vrunen,shoulders,null,fpe
vyk'zlade,snake,null,the_ripzone
vynnessia,butterfly,null,Forsaken_Trinity
vzahaz,troops,null,fpe
w'kar,godly,null,Lordguyot
wa'q,tower,null,zzaknifien
wa'qin,towering,null,Julienne_Noquar
wa'tani,argue,null,anyway_really
waeklyth,entangle,null,fpe
wael,fool,null,
waela,foolish,null,dinin_
waelarin,fooling,null,Julienne_Noquar
waele,stupid,null,saphyretaquein
waelen,idiotic,null,Calaya_DiArden
waeles,idiot,null,ahlaster
waelin,young,null,
waenre,servants,null,skudler
waer'honglath,justice,null,anadrel
waerr'ess,deceipt,null,
waess,skin,null,
wahven'urn,wasteful,null,Julienne_Noquar
wahven,waste,null,fpe
wanre,apprentice,null,
wanre,servant,null,
wayc'e,dwell,null,elven_heart
wayc'el,dwelled,null,elven_heart
wenress,maiden,null,Julienne_Noquar
wenressen,maidens,null,Julienne_Noquar
wenressne,maidenly,null,Julienne_Noquar
wern'in,southwest,null,drow
wern'nt,southeast,null,drow
werneth,south,null,drow
weth,each,null,
whol,for,null,
wiles,words,null,reiforce18
wlalth,spell,null,curnack_the_drow
wlalths,spells,null,cyane_
wobadikist,steamy,null,artofCC
wu'suul,inside,null,
wun,in,null,
wund'akh,belong,null,adrienne
wund,among,null,
wund,into,null,
wund,within,null,
wussrun'wa,dream,null,zuul
wyirv,speculate,null,fpe
wyirvaerth,speculation,null,fpe
wylth,thorn,null,fpe
wynthau,succeeded,null,
wynthe,success,null,
wynthl,succeeding,null,
wynthye,succeed,null,
wynthyil,succeeds,null,
x'khat,became,null,genetif
xa'huu,garbage,null,fpe
xa'huul,litter,null,fpe
xa'huuli,trash,null,Tameria_Melohwar
xa'huuli,worthless,null,Tameria_Melohwar
xa'los,oracle,null,animal25_17
xa,yeah,null,SkyShriek
xal,may,null,fpe
xal,might,null,
xal,perhaps,null,
xan'ss,word,null,pepijn_kromhout
xanalress,language,null,pepijn_kromhout
xar'zith,ice,null,Shadow_Enchanter
xarrmak,clique,null,xaramal_greyfire
xas,yes,null,
xellased,dwellers,null,qt_baby_girl666
xenu,sicken,null,kaskus
xesst,entice,null,fpe
xet,discord,null,fpe
xhandal,challenge,null,dryzen
xia,radiant,null,DrasFallcon
xinanath,parents,null,fpe
xindarl,drug,null,chaosdrow
xl'fye,harness,null,fpe
xo'a,attempt,null,webmaster
xo'al,try,null,webmaster
xonathull,battle,null,dragon_flami
xonathulls,battles,null,dagri_kapur
xor,or,null,
xortin,raised,null,cath_lt
xsa'ol,damnit,null,Julienne_Noquar
xsa,damn,null,fpe
xta'rl,touch,null,fpe
xuat,don't,null,
xuil,with,null,
xuileb,without,null,
xukuth,heart,null,
xukuthe'l,heartless,null,fpe
xun,accomplish,null,fpe
xun,complete,null,
xun,do,null,
xun,to complete,null,
xund,effort,null,
xund,striving,null,
xund,work,null,
xundus,accomplishment,null,jvanzanen
xundus,achievement,null,
xundussa,accomplishments,null,jvanzanen
xundussa,achievements,null,
xunin,doing,null,
xunor,done,null,
xunus,did,null,
xusst,wrong,null,bellachevalier
xxilfet,armour,null,burnt_16
xxizz'a,helped,null,fpe
xxizz,help,null,
xxizzia,helps,null,fpe
xxizzuss,helper,null,fpe
y'sik,rather,null,fpe
y'uotl,amateur,null,
yacal,eating,null,fpe
yah,god,null,AWP81
yaith,pay,null,eturnal37
yallt,today,null,daernae
yath'abban,temple agent,null,
yath,of the temple,null,
yathrin,priestess of lloth,null,
yathrin,priestess,null,DaurainShdwblade
yathtallar,high priestess of lloth,null,
ycal,eats,null,fpe
yentil,lot,null,reiforce18
yeunn,pathetic,null,saphyretaquein
yib,toe,null,fpe
yiben,toes,null,fpe
yibin,weak,null,
yibinss,weakness,null,Julienne_Noquar
yibinssen,weaknesses,null,Julienne_Noquar
yigsawla,fornication,null,gbrain35
yin'xir'ziji,frozen,null,Shadow_Enchanter
yingil,gnome,null,
yingilin,gnomes,null,
yinn,tooth,null,fpe
yinnin,teeth,null,fpe
yinvezz,cute,null,shadow_enchanter
ykihk,stinky,null,cs636
yllssigul,caress,null,Tameria_Melohwar
yllssigul,stroke,null,Tameria_Melohwar
yochlol,handmaiden of lloth,null,nemesis
yol,since,null,
yorlii'uak,foggy,null,fpe
yorlii,fog,null,fpe
yorn,power,null,
yorn,servant,null,
yorn,will,null,
yu'na,bend,null,deavek
yugho,nice,null,fpe
yuih,muscles,null,fpe
yukin'ik,beige,null,adrienne
yukin,orange,null,deavek
yul,gender,null,fpe
yulul,prize,null,fpe
yulun,prizes,null,fpe
yulurln,prizing,null,fpe
yuluwyl,prized,null,fpe
yutreess,intelligent,null,fpe
yutri,smart,null,Feiwongxgs
yutsu',returned,null,SSGohanLvl2
yutsu,return,null,SSGohanLvl2
yvalm,bound,null,fpe
ywrazz,fact,null,chaosdrow
z'arlathil,natural,null,fpe
z'arlathilu,naturally,null,fpe
z'haan,run,null,khalin
z'haanin,running,null,KanjiofShi
z'har,ride,null,
z'har,to ride,null,
z'hin,to walk,null,
z'hin,walk,null,
z'hind,expedition,null,
z'hind,journey,null,
z'hins,walks,null,adrienne
z'hinus,walked,null,Julienne_Noquar
z'hren,flow,null,khalin
z'klaen,must,null,Poet776359
z'lonzic,enough,null,jalina
z'orr,climb,null,
z'orr,to climb,null,
z'reninth,believe,null,khalin
z'reninthin,believing,null,Julienne_Noquar
z'ress,power,null,
z'ress,strength,null,
z'talin,esp,null,
z'talin,telepathy,null,
zah'har,suffer,null,phillipg
zahanzai,scouts,null,fpe
zahanzon,scout,null,fpe
zahur,courier,null,fpe
zakath,agony,null,dsharp
zanjur,messenger,null,fpe
zao,teach,null,deadlyraven
zaphodiop,horse,null,BBT1
zaphos,sausage,null,daerxyzzt
zaqh,spike,null,fpe
zarachi'i,phrase,null,evilgod
zasimartek,authority,null,fpe
zathul,jinx,null,BobCFed08
zav,clever,null,fpe
ze'zhuanth,ancient,null,khalin
zeklet'tau,heaven,null,delthesbavi
zenphe,chamber,null,fpe
zenpheir,chambers,null,fpe
zet,left,null,burnt_16
zexen'uma,stay,null,deavek
zezz,razor,null,fpe
zha'linth,memory,null,
zha'trass,boot,null,joxter
zhah,is,null,
zhahen,were,null,
zhahn,then,time,
zhahn,past,time,
zhahus,was,null,
zhal'essin,avatar,null,circleofmasks
zhal'essuk,incarnation,null,circleofmasks
zhal'la,should,null,Tameria_Melohwar
zhal,shall,null,
zhas,wild,null,trizixeter
zhaun'ol,book,null,
zhaun'ol,treatise,null,
zhaun'velkyn,wisp,null,viaxus
zhaun,know,null,
zhaun,knows,null,darrant_rod
zhaunau,knew,null,
zhaunil,knowledge,null,
zhaunil,wisdom,null,
zhaunl,knowing,null,
zhaunus,sure,null,happibunny
zhaunyl,surely,null,fpe
zhennu,great,null,NyphraDR
zhlaass,relax,null,fpe
zhuanth,old,null,
zif,absolute,null,fpe
zifreinn,absolutely,null,fpe
zig,base,null,Sakkran
zigh,image,null,fpe
zighen,imagine,null,fpe
zik'den'vever,plane,null,
zik,sharp,null,fpe
zikegh,sharpest,null,fpe
zikeir,sharper,null,fpe
zil,consort,null,fpe
zilib,consorting,null,fpe
zirh,fed,null,fpe
zirn,feed,null,fpe
zirnra,feeding,null,fpe
zirnran,feedings,null,fpe
zith,page,null,
zithrelar,thousandth,null,
zjut,elbow,null,fpe
zjutae,elbows,null,fpe
zjuttenur,elbowed,null,fpe
zniee,sincere,null,fpe
zolarix,painful,null,dragon_flami
zotreth'mal,striking,null,fpe
zotreth,hit,null,
zotreth,punch,null,
zotreth,strike,null,
zoxidon,system,null,cath_lt
zra'ha,mentor,null,fpe
zsatelis,newbies,null,sparks_of_lightning
zu'tour,shut,null,john
zuch,always,null,tyris
zud'dar,test,null,asds
zuel,track,null,fpe
zuelolb,tracked,null,fpe
zuelsai,trackers,null,fpe
zuelsul,tracker,null,fpe
zuelyi,tracking,null,fpe
zuess,harrow,null,fpe
zuesswy,harrowing,null,fpe
zuneerrh,salvation,null,
zygul,sharp edged,null,Lolath_Cryso
zzikhc,smells,null,lonegunmen1
zzil,fur,null,fpe
n'kampi'un,confuse,null,
n'kampi'un,confused,null,
n'saph,dislike,null,
yatharil,priestess of eilistraee,null,
thulath,dusk,fading light; -ath ending,
larith,afternoon,post-noon period; -ith ending,
thulnar,sunset,light ending; thul + nar,
velthar,monday,first day; vel- prefix,
ilzharin,tuesday,second day; il- prefix,
haulkrin,wednesday,mid-cycle day; haul- root,
rinlath,thursday,fourth day; rin- prefix,
zilnath,friday,fifth day; zil- prefix,
shalarith,saturday,sixth day; sha- prefix,
ussarith,sunday,seventh day; uss- prefix,
vaelithar,january,first month; vael + -ithar,
narrath,february,second month; nar- doubled,
halruss,march,third month; hal- prefix + ss,
lauveth,april,fourth month; lau + -veth,
thessilar,june,sixth month; thess + -ilar,
rilauss,july,seventh month; ril + auss,
zhalauss,august,eighth month; zhal + auss,
rinthalar,september,ninth month; rin + thal + ar,
velussath,october,tenth month; vel + uss + -ath,
khalharith,november,eleventh month; khal- prefix,
elgussath,december,twelfth month; elg- prefix,
kossarin,autumn,falling season; -in ending,
harandir,calendar,time-record keeper; har- prefix,
ssinath,week,seven-day cycle; ss- opening,
rilath,month,moon-cycle unit; ril + -ath,
velharauth,century,hundred-year span; vel + har + auth,
elgarith,era,long named period; elg- prefix,
narvelath,epoch,marked historical point; nar + vel + -ath,
tharith,season,quarter-year cycle; thar + -ith,
harilthar,date,calendar point; har + ilt + har,
tharlass,period,time span; thar + lass,
tangithar,daily,of each day; tangi (day) root,
zhaulin,nightly,of the night; zhaul + -in,
tharithel,seasonal,cycle-related; tharith + -el,
harauthin,annual,of the year; harauth + -in,
khalithar,temporary,short duration; khal- prefix,
zhauless,nocturnal,night-active; zhaul + -ess,
harinth,schedule,arrange in time; har- prefix,
gajenth,delay,push back in time; gaj- root,
valrath,hasten,move quickly through; val + rath,
kyorlass,linger,wait-extend; kyorl (wait) root,
rilussath,expire,time runs out; ril + uss + -ath,
nulrak,belly,soft lower torso; nul- root,
halvael,waist,middle body; hal- + -vael,
thalvur,wrist,hand joint; thal- + -vur,
zhekk,nail,hardened digit tip; zh- + double-k,
nalzith,nose,scent organ; nal- root + -zith,
naelvin,chin,lower jaw; nael- + -vin,
harlin,cheek,face side; har- + -lin bigram,
krelluth,forehead,upper face; krel- + -luth,
szekkith,brain,mind organ; szek- + double-k + -ith,
elzithar,spine,back column; el- + z + -ithar,
nalzur,lung,breathing organ; nal- breath root + -zur,
zolkath,liver,filtering organ; zol- + -kath,
naelkur,kidney,paired filter; nael- + -kur,
laessur,vein,blood channel; laess- + -ur,
szilnar,nerve,sense filament; szil- + -nar,
holvath,joint,limb connection; hol- + -vath,
nigroth,groin,hip juncture; nig- + -roth,
ulkith,navel,belly center; ul- + -kith,
iloreth,eyebrow,eye ridge; il- vision root + -oreth,
ilzath,eyelid,eye cover; il- + -zath,
nalziir,nostril,nose opening; nal- + -ziir,
naelkith,womb,birth chamber; nael- + -kith,
eltharn,tendon,muscle cord; el- + -tharn,
ossulath,marrow,bone core; oss- + ul + -ath,
tharuk,sweat,skin moisture; thar- + -uk,
ilaess,tear,eye fluid; il- vision root + -aess,
laevuss,saliva,mouth fluid; laev- lip/taste root + -uss,
naelzath,breath,exhaled air; nal- breath root + -zath,
nulzath,wound,body injury; nul- pain root + -zath,
veldrak,scar,healed wound mark; veld- skin root + -rak,
haulzath,bruise,blood-pooling injury; haul- body + -zath,
kharuss,deaf,unable to hear; khar- ear root + -uss,
stelkith,lame,unable to walk; stel- + -kith,
naeluss,bald,lacking hair; nael- + -uss,
nilkith,numb,without sensation; nil- negation + -kith,
ssulkath,swollen,engorged; ssul- + -kath,
nulvith,sore,aching; nul- pain root + -vith,
szilvath,lithe,gracefully flexible; szil- + -vath,
narusk,lean,thin-bodied; nar- prefix + -usk,
narvelth,gaunt,bone-thin; nar- + vel- movement,
kethraluss,muscular,well-muscled; kethral muscle + -uss,
zulkrath,bleed,shed blood; zulk- heart/blood root,
naelzir,breathe,draw breath; nal- breath root + -zir,
ilzirr,blink,close eye briefly; il- vision + -zirr,
thulkrath,clench,tighten muscle; thul- bone root + -krath,
elkvath,flex,bend limb; elk- + -vath,
thelvurn,grasp,close hand around; thel- + -vurn,
szelkith,grip,hold tightly; szel- + -kith,
szrakk,scratch,scrape skin; szr- + -akk,
thulvath,shiver,cold-induced shake; thul- + -vath,
nilzith,faint,lose consciousness; nil- negation + -zith,
harauth,blush,flush with color; har- skin root + -auth,
ssulkirr,cough,throat expulsion; ssul- throat root + -irr,
nalzirr,sneeze,nose expulsion; nal- nose root + -zirr,
zaukk,spit,expel from mouth; zauk- + -k,
gaulkith,chew,grind with teeth; gaul- mouth root + -kith,
luvhal,bliss,luv + hal; serene contentment,
il'thrau,ecstasy,il- + thrau; intense overwhelming joy,
haliss,delight,ha- + iss; pleasant happiness,
zinlar,glee,z + in + lar; lighthearted joy,
likhath,glad,lik + -ath; mild happiness,
shalauth,contentment,sh + al + au + th; quiet satisfaction,
usselvae,euphoria,uss- + el + ae; intense elation,
khrauth,rapture,kh + rau + th; overwhelming joy,
vel'rath,elation,vel- + rath; joyous uplift,
thuln,grief,th + ul + n; deep sorrow,
ssaerath,melancholy,ss + ae + rath; lingering sadness,
nihlass,despair,nil-root + ass; hopeless sorrow,
khal'drath,heartbreak,khal- + drath; grief from lost love,
thussel,lament,th + uss + el; express grief aloud,
ssivrath,anguish,ss + iv + rath; acute suffering,
drul,woe,dr + ul; brief heavy sorrow,
n'khalith,resentment,n' + khal + ith; bitter sustained anger,
ssurnath,indignation,ss + urn + ath; offended anger,
zharusk,outrage,zhar + usk; furious anger,
harrusk,hostile,harr + usk; aggressively unfriendly,
raukhil,seething,rau + khil; quietly boiling anger,
ssivath,terror,ss + iv + ath; extreme fear,
vel'nauss,anxiety,vel- + nauss; persistent low fear,
zharnil,panic,zhar + nil; sudden overwhelming fear,
ssivhar,horror,ss + iv + har; fear mixed with revulsion,
nauthrak,fright,nauth- + rak; sudden fear,
lurisith,timid,luris + ith; easily frightened,
khaurrith,trepidation,kha + urr + ith; fearful hesitation,
ssarnith,dismay,ss + arn + ith; disheartened alarm,
ilnauth,pride,il- + nauth; self-regard and honor,
ussarnak,haughty,uss- + arnak; arrogant pride,
naruliss,vanity,nar- + ul + iss; excessive self-regard,
khaloss,boast,khal- + oss; proclaim one's greatness,
ussarnil,conceit,uss- + arnil; inflated self-image,
vel'ithar,dignity,vel- + ithar; earned honor and pride,
veldrath,triumph,vel- + drath; pride of victory,
ssivrul,shame,ss + iv + rul; dishonoring feeling,
rin'nauss,embarrassment,rin- + nauss; social shame,
vel'ssivrul,humiliate,vel- + ssivrul; cause shame in other,
thulass,guilt,th + ul + ass; moral shame,
zhaelusk,envy,zhael + usk; covetous feeling,
khal'nauth,jealousy,khal- + nauth; jealous emotional state,
harrnil,spite,harr + nil; hostile ill-will,
harrnilath,spiteful,harrnil + -ath; full of spite,
tharusk,grudge,thar + usk; sustained spite held long,
vel'thrin,longing,vel- + thrin; sustained desire for absent,
laethin,yearn,lae + th + in; deep longing,
haelithar,nostalgia,hael + ithar; longing for the past,
nilthael,pine,nil + thael; wasting away with longing,
dwalithar,wistful,builds on dwalc; sad longing,
ssurith,crave,ss + ur + ith; urgent desire,
khaleth,awe,khal + eth; overwhelming wonder,
thurvak,disgust,th + ur + vak; revulsion,
xur'nauth,contempt,x + ur' + nauth; scornful disregard,
lurithar,compassion,lur + ithar; feeling others' pain,
n'lurithar,empathy,n' + lurithar; sharing another's feeling,
rin'lurithar,sympathy,rin- + lurithar; compassion for other,
nuvael,affection,nuv + ael; warm liking,
khalluva,adore,khal- + luva; deep love and reverence,
khalluval,adoration,khalluva + l; act of adoring,
vel'ssael,cherish,vel- + ssael; to hold dear,
luthael,fond,luth + ael; mild love and liking,
ziluth,snow,frozen precipitation; z + -uth ending,
nulvath,sleet,ice-rain mix; nul- + -vath,
silhar,mist,fine water vapor; sil- + -har,
zilkharr,blizzard,driving snow storm; zil + kharr,
vorsskar,hurricane,great destructive windstorm; vor + ss,
zinthrul,tornado,spinning column of wind; zinth- root,
kharrath,gale,strong sustained wind; kharr + -ath,
thurquin,squall,sudden violent storm; thur- + -quin,
lurss,shower,brief light rainfall; lur- + -ss,
harusk,drought,prolonged dry period; har- + -usk,
aelith,dew,morning moisture droplets; ae- vowel pair,
ilharuel,rainbow,color arc after rain; il- + har- + -uel,
haessil,haze,thin obscuring air; hae- + -ssil,
zilharil,snowflake,single snow crystal; zil- + har- + -il,
ssulithin,raindrop,single falling water drop; ssul- base,
rulvorthath,thunderstorm,combined thunder and storm roots,
zilvorrath,snowstorm,heavy driven snow storm; zil + vorr,
zharrulnar,heatwave,extreme heat period; zharr + ul + nar,
ssulithar,precipitation,all forms of falling water,
vorthinal,climate,long-term weather pattern; vorth + -inal,
ussvael,temperature,measure of heat or cold; uss- + -vael,
lurssil,humidity,moisture level in air; lur- + ss + -il,
narhilath,atmosphere,sky layer above earth; narhil + -ath,
narhael,horizon,edge where sky meets earth; nar- + -hael,
haranith,sunshine,warmth and light from sun; haran + -ith,
ssularin,rainy,characterized by rain; ssulnar derived,
ziluthin,snowy,producing or covered in snow,
kharril,windy,characterized by strong wind; kharr + -il,
vorthin,stormy,storm-filled and turbulent; vorth + -in,
nalithin,cloudy,covered in clouds; nalith + -in,
thuulin,icy,covered in or like ice; thuul + -in,
haranil,sunny,bright with sunlight; haran + -il,
nalharr,overcast,sky fully covered by cloud; nal + harr,
lurssa,humid,warm and moist air; lur- + -ssa,
thuulinar,freezing,at or below freezing point; thuul + -inar,
lunilith,breezy,pleasantly windy; lunil + -ith,
silharin,misty,filled with fine mist; silhar + -in,
haessith,hazy,obscured by thin haze; haess + -ith,
lurnak,melt,to turn from solid to liquid,
usslarr,pour,to rain very heavily; uss- + -larr,
lurnithar,thaw,to melt from ice; lurn- + -ithar,
ulkhar,swamp,wet lowland; ul- root,
halunn,shore,water's edge; halu- + -nn,
rinthul,valley,low land between heights; rin- + -thul,
khalun,hill,small rise; khal- + -un,
silaun,beach,sandy shore; sil- + -aun,
khalrith,peak,summit; khal- + -rith,
narreth,ridge,long elevated line; narr- + -eth,
ulthrin,gorge,narrow deep cut; ul- + -thrin,
kharthul,canyon,deep carved valley; khar- + -thul,
aumlar,marsh,wet boggy ground; aum- + -lar,
sulvath,bog,soggy ground; sul- + -vath,
vellar,plain,flat open land; vel- + -lar,
lanhar,field,open flat area; lan- + -har,
kharzeth,volcano,fire mountain; khar- + -zeth,
zinrauth,crater,bowl-shaped hollow; zinr- + -auth,
sirath,dune,sand hill; sir- + -ath,
nauthin,reef,submerged rock ridge; nau- + -thin,
haluith,bay,curved shore inlet; halu- + -ith,
khalvell,plateau,flat elevated land; khal- + -vell,
ulthrak,ravine,sheer narrow cut; ul- + -thrak,
velhar,meadow,soft open ground; vel- + -har,
syllathin,grove,small tree cluster; syll- + -athin,
elgharith,jungle,dense wild forest; elg- + -harith,
narssul,tundra,frozen barren land; nars- + -sul,
khalneth,ledge,narrow rock shelf; khal- + -neth,
nauthel,bank,river's edge; nauth- + -el,
sinnaur,brook,tiny stream; sinn- + -aur,
nausin,pond,small still water; nau- + -sin,
naukzhal,waterfall,falling water; nauk- + zhal,
naurthin,rapid,fast current; naur- + -thin,
sulkhar,mire,deep treacherous bog; sul- + -khar,
narvel,heath,open scrubland; nar- + -vel,
narhaur,moor,bleak open wetland; nar- + -haur,
ussharvel,steppe,vast flat grassland; usshar- + -vel,
rinull,hollow,small depression; rin- + -ull,
kharlin,crag,jagged rock outcrop; khar- + -lin,
khalauth,bluff,steep earth face; khal- + -auth,
halrin,inlet,narrow bay; hal- + -rin,
silnauth,cove,sheltered bay; sil- + -nauth,
zilnaur,glacier,slow ice river; zil- + -naur,
rinthell,slope,angled ground; rin- + -thell,
kharrul,boulder,large rock; kharr- + -ul,
khulin,pebble,small stone; khu- + -lin,
khulnar,gravel,mixed small rock; khul- + -nar,
haurath,soil,earth layer; hau- + -rath,
ulnath,mud,wet earth; ul- + -nath,
sulthin,clay,dense wet earth; sul- + -thin,
naulsil,silt,fine water sediment; naul- + -sil,
zinath,ash,burned powder; zin- + -ath,
kharzin,lava,molten rock flow; khar- + -zin,
kharvael,magma,underground fire rock; khar- + -vael,
khulithin,rocky,rock-covered; khul- + -ithin,
silarun,sandy,sand-covered; sil- + -arun,
ulnathin,muddy,mud-covered; ulnath- + -in,
khalleth,steep,sharply angled; khall- + -eth,
vellan,flat,level ground; vel- + -lan,
rinluth,shallow,of little depth; rin- + -luth,
narssith,barren,empty and lifeless; nars- + -ith,
linthael,fertile,life-giving land; linth- + -ael,
velharlin,lush,richly growing; velhar- + -lin,
ulssith,dense,tightly packed; ulss- + -ith,
velnair,sparse,thinly spread; vel- + -nair,
ussalel,vast,immense expanse; uss- + -alel,
rinthil,narrow,tightly confined; rin- + -thil,
kharveth,rugged,rough terrain; khar- + -veth,
kharzil,jagged,sharply uneven; khar- + -zil,
narlin,arid,hot and dry; nar- + -lin,
aumlathin,marshy,boggy and wet; aumla- + -thin,
sylvarin,wooded,tree-covered; sylva- + -rin,
khalrinith,mountainous,full of mountains; khalrin- + -ith,
halunnar,coastal,of the shore; halun- + -nar,
kharzethin,volcanic,of fire mountain; kharzeth- + -in,
khallith,elevated,raised high; khall- + -ith,
naukulth,flooded,water-covered; nauk- + -ulth,
khulrath,eroded,worn away naturally; khul- + -rath,
velssith,mossy,moss-covered; vel- + -ssith,
linthaelin,verdant,richly green; linthae- + -lin,
zilnarath,arctic,frozen northern; zilnar- + -ath,
ussrith,descend,go downward; uss- + -rith,
velrin,traverse,cross terrain; vel- + -rin,
naurith,ford,cross through water; naur- + -ith,
nauvith,wade,walk through water; nau- + -vith,
ulzith,sink,descend into ground; ul- + -zith,
khulrin,erode,wear away naturally; khul- + -rin,
naukvel,surge,rush forcefully; nauk- + -vel,
naukssil,cascade,rush downward in falls; nauk- + -ssil,
khulzith,carve,cut through stone; khul- + -zith,
ussnaulith,submerge,push under water; ussnaul- + -ith,
zaluis,silk,spider thread; z- start,
zaulkar,cocoon,silk-wrapped pupa; zaul- root,
krilunn,larva,grub stage; kril- onset,
thrul,egg,embryo vessel; short form,
zhalass,viper,venomous ground snake; zh- onset,
nashrul,cobra,hooded serpent; na- prefix,
kiluss,gecko,small cave lizard; -uss ending,
thrizz,mouse,small rodent; th- onset,
krivath,crow,dark omen bird; -ath ending,
harlavin,centipede,many-legged crawler; har- prefix,
krithul,beetle,hard-shelled insect; -ul ending,
dualith,moth,cave-dwelling winged insect,
silnar,deer,graceful prey animal; sil- prefix,
thuralz,elk,large antlered deer; thur- prefix,
jharkan,boar,tusked beast; jh- + -an,
liriss,rabbit,small swift prey; li- prefix,
kirzlin,ferret,small tunnel predator; kirz-,
zulkar,eel,long water creature; zul- prefix,
nilthar,owl,night predator bird; nil- prefix,
zharith,hawk,hunting bird; zh- + -ith,
kralunn,vulture,carrion bird; kr- onset,
rothul,rothe,underdark cattle; canon adapted,
khaluss,venom,deadly fluid; khal- prefix,
rithull,scale,reptile armor; rith- + -ul,
siluath,feather,bird plumage; sil- + -ath,
thulrak,tusk,curved tooth; thul- prefix,
urkath,horn,bony growth; -ath ending,
illuvan,mane,flowing neck hair; ill- prefix,
krizan,snout,animal muzzle; kriz- onset,
thurlass,antler,branching horn; thur- prefix,
veluss,slither,snake-like movement; vel- root,
thrinzil,crawl,low movement along surface,
lurindra,stalk,silent predatory approach; lur-,
kriljak,pounce,sudden leaping attack; kril-,
grillath,gnaw,persistent chewing with teeth,
zauliss,coil,wrap tightly in spirals; zaul-,
hurlass,howl,wolf's call; hur- root as wolf,
shrikvath,screech,sharp predator cry; shr-,
thurhak,burrow,dig underground tunnel; thur-,
zuliss,sting,venomous strike; zul- root,
riluath,shed,cast off skin; ril- prefix,
krillath,molt,shed outer covering; kr- onset,
khalussath,venomous,poison-bearing; khal-uss-,
zhalkar,feral,savage,
ilzaruss,territorial,defending home ground; ilzar-,
thranuss,swarm,mass of creatures; thran-,
ulvnar,pack,wolf group; ulv- prefix,
harithul,nest,animal dwelling; har- + -ul,
khalithr,den,predator's lair; khal- prefix,
ssulthar,hive,insect colony home; ssul-,
haluss,grotto,small cave or alcove; hal- prefix,
tharull,tunnel,long underground passage,
kharrun,shaft,vertical underground opening,
nilkharr,stalactite,stone hanging from ceiling; nil- prefix,
soltharr,stalagmite,stone rising from floor; sol- prefix,
usszan,fungus,general underground fungal organism,
ussith,mold,surface fungal growth on stone,
naelvath,lichen,rock-encrusting organism; nael- root,
silnael,moss,soft low plant on damp stone,
szurin,spore,fungal reproductive particle; sz- onset,
ussharr,mycelium,underground fungal thread network,
ilkhurr,phosphorescence,cold mineral or fungal glow,
aelkhur,bioluminescence,light emitted by living organisms,
khrillath,crystal,mineral crystalline cave formation,
zarith,mineral,inorganic rock component; z- onset,
khuzan,ore,metal-bearing rock deposit,
ulzath,chasm,deep vertical gap in rock,
szolath,pit,deep open hole in cave floor,
zhissil,fissure,narrow crack in rock face,
rilvath,crevice,tight opening within stone; ril- root,
zhilnath,crack,break or split in rock,
khalval,vault,arched cave ceiling or hollow chamber,
ulsith,pool,still underground water body,
druvith,seep,water slowly filtering through rock,
nivin,drip,water falling drop by drop from stone,
naulhar,moisture,dampness or water vapor underground,
szaussil,slime,wet viscous coating on cave walls,
aussl,ooze,slow-moving thick liquid mass,
ultharr,subterranean,deep beneath the ground,
naulith,damp,slightly wet or humid underground,
khalharrin,cavernous,vast and cave-like in scale,
usszanith,fungal,relating to fungi or mold,
ilkhurrin,phosphorescent,emitting cold phosphorescent glow,
khalharval,labyrinth,complex underground network of passages,
aulsith,aura,glowing emanation; aul- root,
aulunel,beacon,guiding light signal; aul- + -nel,
zhaerkul,blaze,intense fire; zhaer + -kul,
zhaerkulan,bonfire,great outdoor fire; zhaer+kul+an,
vushelith,brilliant,intensely bright; vush- + -elith,
thilnar,candle,small light-bearer; thil- root,
solthin,char,to blacken by fire; sol- + -thin,
olathrin,darken,to make dark; olath + rin,
ssivil,daylight,full waking illumination; ssiv + il,
vushrin,dazzle,overwhelm with brightness; vush- intense,
urlith,dim,reduced light level; ur- + -ith,
vel'ilhar,eclipse,darkening of light; vel- over ilhar,
solthu,ember,cooling fire remnant; sol- + -u,
zhaerith,flare,sudden bright burst; zhaer + -ith,
hithrin,flicker,to waver in light; hith- verb,
aulnel,gleam,brief bright reflection; aul- + -nel,
vushrath,glare,harsh blinding light; vush- + -rath,
szilrin,glint,sharp brief flash; sz- + ilrin,
narroth,gloom,heavy oppressive dimness; narr- intensified,
ilthael,halo,ring of radiant light; il- + thael,
narkul,hearth,fire's home; nar- + kul,
nauthil,lamp,small light vessel; nau- + thil,
thilkrath,lantern,enclosed light-holder; thil- + krath,
ilharil,luminous,light-emitting quality; il- + haril,
narrothi,murky,heavy and dark; narr- + -i,
auluin,radiance,warm emanated light; aul- + -uin,
harzul,scorch,char with intense heat; har + zul,
alurli,shadowy,full of shadow; alurl + -i,
silrin,shimmer,to ripple with light; sil- verb,
ilhrin,shine,to emit light; il- + hrin,
vel'ssin,shroud,darkness-veil covering; vel- dark cloak,
vel'alurl,silhouette,dark visible outline; vel- over alurl,
velzhar,smolder,burn without visible flame; vel- + zhar,
nauluth,smoke,fire's dark breath; nau- + luth,
thulnik,soot,black fire residue; thul- + nik,
ilzhar,starlight,pinpoint sky-light; il- + zhar,
halkrath,torch,carried fire-stick; hal- + krath,
thilrath,wick,flame's feeding cord; thil- + -rath,
nathrul,leather,tanned animal hide; -ul ending,
druzath,bronze,copper-tin alloy; -ath ending,
zinnar,tin,soft grey metal; z- drow-heavy,
thurzak,lead,heavy dull metal; -ak ending,
szilhauth,platinum,rare white metal; szil- prefix,
ilkharss,adamant,hardest known substance; il- + khar-,
zhareln,alloy,mixed metal compound; -el- bigram,
dhurzin,smelt,melt ore for metal; dh- cluster,
khalthrin,temper,strengthen metal by heat; khal- prefix,
narithal,anneal,heat-treat to soften; -al ending,
zhussal,quench,cool metal rapidly; -al ending,
tharnak,hammer,striking metal tool; -ak ending,
velkhun,anvil,metalworker's block; vel- prefix,
haulzir,bellows,air-pump for forge fire; hau- + -ir,
thurzikhal,crucible,vessel for molten metal; -al ending,
narkhoss,ingot,cast metal block; -oss ending,
zulkhar,nugget,raw metal lump; z- + khar,
aurniss,ruby,red precious stone; aur- gold-adjacent,
ilzhaen,sapphire,blue precious stone; il- prefix,
szilkhoss,diamond,hardest clear gem; szil- prefix,
elgzarith,obsidian,volcanic dark glass; elg- prefix,
kharthun,granite,coarse igneous rock; -un ending,
thilharn,marble,fine polished stone; -arn ending,
zurkhath,quartz,common silica mineral; -ath ending,
khrinzul,flint,spark-making stone; -ul ending,
nulkhariss,ceramic,fired clay material; nul- prefix,
kharzath,rust,iron oxidation; khar- root + -ath,
ilhannath,tarnish,metal surface dullness; ilhann- + -ath,
aelkhar,polish,make metal shine; ae- + khar,
aurakhin,gilded,coated with gold; aurak- + -in,
kharssithin,plated,covered in metal layer; -in ending,
velkharin,wrought,shaped by hammering; vel- + -in,
thurzith,molten,liquefied by heat; -ith ending,
nulzarith,brittle,easily broken material; -ith ending,
khalthrin'el,malleable,workable without breaking; khal- + -el,
kharzulith,metallic,of or like metal; kharzul + -ith,
zhalithin,crystalline,crystal-structured; zhalith + -in,
aelkuriss,silken,smooth like silk; aelkuris + -s,
elkhrinath,bony,resembling bone; elkhrin + -ath,
nathrulith,leathery,tough like leather; nathrul + -ith,
velthrinath,glassy,transparent like glass; velthrin + -ath,
narkhulvel,ore-rich,abundant in raw metal; nar- + vel-,
khrenss,meat,animal flesh; khr- cluster,
silhuur,broth,thin liquid food; sil- liquid root,
velzar,feast,grand meal; vel- prefix,
ussavath,meal,single serving of food; uss- root,
laerin,herb,plant seasoning; la- + -rin,
nulath,salt,mineral seasoning; nul- + -ath,
luvaun,sugar,sweet substance; luv- + -aun,
aelkuss,honey,sweet nectar; ael- + -kuss,
ilthris,milk,pale animal liquid; il- + -thris,
lauvith,berry,small fruit; lau- + -vith,
nariss,grain,seed crop; nar- grain + -iss,
narthil,flour,ground grain powder; nar- + -thil,
narul,loaf,baked bread form; nar- + -ul,
khalven,chef,skilled food preparer; khal- + -ven,
usshal,hunger,food need state; uss- sustenance + -hal,
zilrath,thirst,drink need state; zil- + -rath,
aelrath,flavor,sensory depth; ael- + -rath,
aelzarr,mead,fermented honey drink; ael- sweet + -zarr,
olharin,bowl,curved food vessel; ol- hollow + -harin,
lauvek,morsel,small bite of food; lau- + -vek,
thilvar,seed,plant kernel; thil- + -var,
hrilath,root,underground plant part; hril- + -ath,
ussvith,famine,prolonged food shortage; uss- + -vith,
ussrath,appetite,desire for food; uss- + -rath,
naurvith,fresh,newly gathered; naur- + -vith,
zhurkath,rotten,decomposed; zhur- decay + -kath,
khulvir,raw,uncooked state; khul- + -vir,
ssaruth,cooked,heat-prepared; ssa- + -ruth,
vrekath,sour,acidic taste; vrek- sharp + -ath,
rath'aen,savory,meaty or salty taste; rath- food + 'aen,
narquith,stale,old and dry; nar- + -quith,
aelvath,ripe,mature fruit; ael- + -vath,
silrath,tender,soft texture; sil- + -rath,
khrenil,chewy,tough to chew; khren- meat + -il,
ussthil,nourishing,health-giving; uss- sustenance root,
ssurquil,fermented,aged via fermentation; ssur- + -quil,
rath'ul,edible,safe to consume; rath- food + 'ul,
thurrak,boil,heat liquid strongly; thur- heat + -rak,
harrak,roast,cook with fire; har- fire + -rak,
elgvath,forage,search for food; elg- seek + -vath,
ssurvel,ferment,age a liquid; ssur- + -vel,
ssulith,robe,flowing gown; ss+ul+-ith,
haressel,fabric,textile; har+ess+-el,
lissul,lace,delicate trim; li+ss+ul,
khal'ith,hood,head cover; khal-+'ith,
ssurnul,belt,waist band; ss+ur+nul,
zilneth,brooch,decorative pin; z+il+-neth,
ssin'ath,necklace,neck jewelry; ss+in+'-ath,
linssul,pendant,hanging ornament; lin+ss+ul,
zul'ithar,bracelet,wrist jewelry; zul+'-ithar,
ilnarrith,crown,royal headpiece; il+narr+-ith,
narithil,tiara,light crown; nar+ith+il,
nirjal,jewel,cut gemstone; nirj+-al,
nirjalis,jewelry,gem collection; nirj+-alis,
ilnarul,adornment,beautification; il+nar+ul,
zurlin,bead,small ornament; zur+lin,
harissul,sash,waist sash; har+iss+ul,
kharisul,scarf,neck cloth; khar+is+ul,
khalulith,shawl,shoulder wrap; khal+ul+-ith,
linarul,sleeve,arm covering; lin+ar+ul,
narithul,thread,sewing thread; nar+ith+ul,
zulthar,stitch,sewn join; zul+thar,
khalnar,tunic,basic garment; khal+nar,
ssulnath,gown,formal dress; ss+ul+-nath,
velithar,dress,woman's garment; vel-+-ithar,
thralnus,skirt,lower garment; thr+al+nus,
harilath,cape,short cloak; har+il+-ath,
uss'nar,mantle,long outer cloak; uss-+nar,
kharzul,trousers,leg garment; khar+zul,
ssarithul,corset,body shaper; ss+ar+ith+ul,
zhalnar,girdle,waist wrap; zhal+nar,
jharulk,pouch,small bag; jh+ar+ulk,
urnilath,strap,carrying band; urn+il+-ath,
tharnil,fringe,decorative edge trim; thar+nil,
zulnil,tassel,hanging fringe; zul+nil,
kharnith,button,fastening disc; khar+-nith,
ilnareth,diadem,royal headband; il+nar+-eth,
zulthariss,embroidery,decorative needlework; zul+thar+iss,
ilnaru,adorn,to decorate; il+nar+u,
ilthrus,drape,to hang fabric; il+thr+us,
haruliss,weave,to weave threads; har+ul+iss,
zulthari,embroider,to stitch patterns; zul+thar+i,
ssarnu,fasten,to secure clothing; ss+ar+nu,
zel'ith,don,to put on garment; zel+'-ith,
zal'ith,doff,to remove garment; zal+'-ith,
ssirnu,sew,to sew; ss+ir+nu,
narrith,mend,to repair fabric; narr+-ith,
klussath,dye,to color fabric; kluss+-ath,
narissu,knit,to knit; nar+iss+u,
larnil,trim,to cut edges; lar+nil,
harulithin,woven,made by weaving; -in ending,
zultharith,embroidered,needlework-decorated; zul+thar+-ith,
ilnarun,adorned,decorated; il+nar+un,
nirjalin,jeweled,set with gems; nirj+al+in,
tharjilin,ornate,highly decorated; tharj+il+in,
zurath,bare,uncovered; zur+-ath,
narruth,naked,without clothing; narr+-uth,
kharithin,tailored,custom-fitted; khar+ith+in,
khalithun,draped,draped in fabric; khal+ith+un,
jinharun,merchant,trader; jin- prefix,
vel'nath,herald,message-bringer; vel'- prefix,
haluath,elder,old/wise one; -ath ending,
quarthin,captain,unit commander; quarth + -in,
ussilvath,champion,chosen/proven one; ussil- root,
velrauss,subordinate,lower-ranked one; vel- + rauss,
halarun,overseer,one who watches over; halar root,
kosthar,steward,keeper/manager; kost=hold,
nalthaek,artisan,skilled crafter; nal- + -thaek,
drathil,thrall,bonded servant; drath- root,
velthrik,vassal,sworn subject; vel- + thrik,
ilzak,minion,small servant; il- + zak,
elamith,devotee,devoted one; elam=devoted,
nilzarin,acolyte,new temple servant; nil- prefix,
nilkhar,initiate,newly chosen one; nil- + -khar,
ul'harak,chieftain,tribe leader; ul'- + harak,
ssakith,enforcer,rule-keeper/punisher; ssa- root,
kossith,jailer,cage-keeper; koss + -ith,
nilsaruk,recruit,new fighter; nil- + saruk,
zharussil,veteran,tested warrior; zharus + -sil,
vel'quarth,emissary,official message-bearer; vel'- prefix,
vel'nar,envoy,sent representative; vel'- + nar,
ul'hyrrak,counselor,wisdom-advisor; ul'- + hyrr,
halariss,bodyguard,personal protector; halar + -iss,
halath,protector,shield-bearer; hal- + -ath,
usshalath,defender,active shield; uss- + halath,
ul'xunath,conqueror,complete-ruler; ul'- + xun,
rinul'ath,sovereign,highest authority; rin + ul'- + -ath,
vel'ilstar,regent,temporary ruler; vel'- + ilstar,
ul'sarrus,magistrate,law-orderer; ul'- + sarrus,
nalthuss,judge,decider of fate; nal- + -thuss,
sarrus,rank,position in order; sar- root,
naruss,serf,semi-free laborer; nar- + -uss,
harukka,clan,family group; har- root,
rinthaur,bloodline,royal descent; rinthar root,
ul'sarruith,hierarchy,order of ranks; ul'- + sarruith,
naruith,caste,social tier; naru- root,
ul'vuith,promote,to raise in rank; ul'- elevated,
nil'vuith,demote,to lower in rank; nil'- lowered,
nauss,rebel,to rise against authority; short form,
talkhin,appoint,to designate/assign; tal- + -khin,
vel'elam,loyal,faithfully devoted; vel'- + elam,
jaulthin,obedient,submissive/compliant; jaulth + -in,
nar'elith,ancestor,elder lineage; nar- past-prefix,
khalin,heir,inheritor; khal- authority-prefix -in,
haeluth,kin,blood-related; hael- blood-root,
ilarun,parent,begetter; il- origin-prefix,
nar'ilharr,grandmother,elder mother; nar- + ilharr,
nar'ssivrun,grandfather,elder father; nar- + ssivrun,
naexyn,grandson,son's son; nae- + xyn,
haelziri,aunt,blood-female kin; hael- + -ziri female-marker,
vel'xyn,nephew,sibling's son; vel- + xyn,
vel'zhal,niece,sibling's daughter; vel- + zhal,
rannilu,spouse,bonded mate; rann- + -ilu,
krik'ithra,widow,bereaved female; krik- grief-root,
krik'zhar,widower,bereaved male; krik- + zhar,
veltharn,sibling,shared-blood one; vel- + tharn,
ulzhaer,twin,mirrored kin; ul- mirror-root,
nau'ilharr,orphan,without mother; nau- negation prefix,
naelrin,offspring,young-ones; nael- + -rin,
ilsstharn,lineage,blood-line record; il- ss- tharn,
ilhar'uss,matriarch,supreme female ruler; il- + har + uss,
ssiv'haress,patriarch,male authority figure; ssiv- + haress,
naelthin,youth,young one; nael- + -thin,
naessel,infant,smallest child; nae- + -ssel,
naelin,newborn,newly arrived; nae- + -lin,
nar'khalin,legacy,elder-heir's burden; nar- + khalin,
khalithass,inheritance,heir's possession; khalith + -ass,
khalrath,succession,heir-path order; khal- + -rath,
rann'ath,betrothal,mate-pact ceremony; rann- + -ath,
rann'athin,betrothed,pledged to mate; rann- + -athin,
rannaek,wed,to mate-bind; rann- + -aek verb,
rann'ael,wedding,mating ceremony; rann- + -ael,
naelath,birth,origin moment; nael- + -ath,
khali'ithra,heiress,female heir; khali- + -ithra,
ilss'harr,dynasty,ruling family-line; ilss- + -harr,
hael'ath,kinship,blood-relation bond; hael- + -ath,
zilnar,foster,temporary parent-bond; zil- foster-root,
zil'ilharr,stepmother,foster-mother; zil- + ilharr,
zil'ssivrun,stepfather,foster-father; zil- + ssivrun,
zil'xyn,stepson,foster-son; zil- + xyn,
zil'zhal,stepdaughter,foster-daughter; zil- + zhal,
zil'velzhaer,stepbrother,foster-brother; zil- + velzhaer,
zil'eltharn,stepsister,foster-sister; zil- + eltharn,
veln'velzhaer,half-brother,partial-sibling male; veln- half-prefix,
veln'eltharn,half-sister,partial-sibling female; veln- + eltharn,
velnathin,adopted,chosen-into kin; velna- + -thin,
veln'ath,adoptive,chosen bond; veln- + -ath,
zhaunlar,obscure,to shroud in shadow; zhaunlar,
naul'zhaun,penumbra,partial shadow boundary; apostrophe,
xundauth,umbra,full shadow core; xund + -uth,
xundlarn,invisible,unseen; darkness concealment,
zirith,spark,tiny flame; z-heavy + -ith,
shilthar,glimmer,faint wavering light; sh- onset,
ussithar,brilliance,intense brightness; uss- prefix,
veliss,brightness,light intensity; vel- + ss ending,
jiv'elgath,inferno,great consuming fire; jiv + elg,
jiv'nar,ignite,to start fire; jiv- + nar,
kku'lueth,extinguish,end the light; kku=finish + lueth,
ilzarin,fade,to diminish; il- + -arin,
velnith,radiate,emit outward light; vel- + -nith,
luethnar,lit,illuminated state; lueth + nar,
